id,domain,status,purchase_price,renewal_price,attractiveness,demand,length,registrar,created_at,expires_at,status_verified_at
bd6edfe9-101c-4c2c-851f-4e59b8126b32,mickey.investments,available,12.99,129.99,high,low,6,namesilo,,,25/09/2026 09:22
c8e0b434-f896-4785-8d66-467edd58c4a0,wires.investments,available,100.2,100.2,medium,low,5,cloudflare,,,28/09/2026 04:36
745cbc59-819d-4ba9-997f-ace6a5756167,aziz.investments,available,6.41,103.7,high,low,4,spaceship,,,28/09/2026 07:37
84daf7ba-c3d4-48f3-862f-8b94803fde67,stupidity.investments,available,6.98,166.98,medium,low,9,namecheap,,,23/09/2026 11:18
36fbd878-55bb-4471-852c-38060ae85779,factors.investments,available,12,,medium,low,7,unstoppable,,,29/09/2026 10:49
14807753-b9f0-4bad-94bb-117af44cc82e,impersonal.investments,available,6.98,166.98,medium,low,10,namecheap,,,21/08/2026 22:13
60a20e32-eece-43c8-b866-aff0eb3c5f72,qualified.investments,available,6.98,166.98,high,low,9,namecheap,,,14/08/2026 02:10
09032369-1906-4333-bcc9-00ad530a8231,gorge.investments,available,12.99,129.99,medium,low,5,namesilo,,,23/09/2026 17:20
57e9ef62-6155-4cf5-9100-bf455f177416,loose.investments,available,6.98,166.98,medium,low,5,namecheap,,,22/09/2026 10:42
9610728a-6eea-4dbd-906a-8ba1b99b6e60,facilitating.investments,available,6.41,103.7,medium,low,12,spaceship,,,02/10/2026 19:26
66fb900f-9440-4b9b-b6e9-05f345d4fc3f,hooks.investments,available,12.99,129.99,medium,low,5,namesilo,,,28/09/2026 10:05
9c4e6c1c-3668-4faf-b821-b3b3326c0e3f,textbook.investments,available,12.99,129.99,high,low,8,namesilo,,,23/09/2026 13:09
7333a875-d700-49bc-86d3-8d17dd36a56a,gunpoint.investments,available,100.2,100.2,medium,low,8,cloudflare,,,03/10/2026 01:04
bf8a5e1e-dc61-46a4-8aad-2d3892210957,astound.investments,available,12.99,129.99,high,low,7,namesilo,,,30/09/2026 15:00
f6c9b01f-4b78-4236-a590-da92dc6b5bc0,freezes.investments,available,6.41,103.7,medium,low,7,spaceship,,,02/10/2026 12:39
78f9eeac-a3c7-4b17-ba56-159256b677a3,baneberry.investments,available,12.99,129.99,medium,low,9,namesilo,,,22/09/2026 01:43
ef841c3b-7ecb-4ea0-8c6a-c45cff0ee45e,threefold.investments,available,6.98,166.98,high,low,9,namecheap,,,14/08/2026 16:42
c78aa47b-26d4-446c-8778-57f8d5093cbe,crap.investments,available,8.24,107.22,medium,low,4,dynadot,,,29/09/2026 05:21
e01b37ec-e6f6-4978-a889-6bfe1d15469e,attachable.investments,available,6.98,166.98,medium,low,10,namecheap,,,07/08/2026 15:36
247dffd6-4241-412c-9a8b-103bcbd668ce,unmistakable.investments,available,100.2,100.2,high,low,12,cloudflare,,,02/10/2026 18:12
87532edd-b1d0-497b-ba24-0c96fd6431ef,noon.investments,resell,,,high,low,4,"Spaceship, Inc.",01/08/2026 17:00,01/08/2027 17:00,29/09/2026 22:44
57373c41-2655-4d01-ad1b-b0470327b937,forehand.investments,available,6.98,166.98,medium,low,8,namecheap,,,18/08/2026 11:38
5e57a120-3f2c-4be9-8ed2-22fc6d82c748,accursed.investments,available,6.98,166.98,medium,low,8,namecheap,,,
fd2cd862-5d04-46c4-85ba-dc890fbaccdd,arsehole.investments,available,6.98,166.98,medium,low,8,namecheap,,,20/09/2026 09:34
c1b4ccf9-295f-4c0b-863d-6c62da9b60e0,vocalist.investments,available,12.99,129.99,high,low,8,namesilo,,,02/10/2026 16:48
e62d3aca-035c-4c65-876c-2175fb864259,relates.investments,available,12.99,129.99,medium,low,7,namesilo,,,01/10/2026 00:18
21c79046-b19c-4be0-af31-bddc5b0c568a,cheerleader.investments,available,8.24,107.22,high,low,11,dynadot,,,29/09/2026 21:07
18304d4c-caf6-43e2-a8fe-052176c757e6,beaten.investments,available,6.98,166.98,medium,low,6,namecheap,,,09/08/2026 05:47
9a7534c2-19e6-498a-93fd-7f2419139c32,lascivious.investments,available,6.98,166.98,medium,low,10,namecheap,,,22/08/2026 20:04
6c8a9216-0cf0-4655-aa04-7917fe1d9e55,clack.investments,available,6.98,166.98,medium,low,5,namecheap,,,23/09/2026 23:30
c2c708a9-90eb-45aa-897c-b6cb807ce90f,rong.investments,available,12,,low,low,4,unstoppable,,,02/10/2026 02:50
cb49e73a-1dcd-4481-8f67-20c7e9167057,ameer.investments,available,6.98,166.98,medium,low,5,namecheap,,,18/09/2026 18:04
76728d5f-b9f7-4f64-987e-7a3338d97532,historically.investments,available,12.99,129.99,medium,low,12,namesilo,,,29/09/2026 08:34
b9008482-9920-481f-9f6f-b943be420a6f,christy.investments,available,100.2,100.2,high,low,7,cloudflare,,,29/09/2026 21:38
7cc3e5db-c8f7-4b7d-9891-89092a7c50be,filmable.investments,available,6.98,166.98,medium,low,8,namecheap,,,18/08/2026 04:23
0c97ab31-16f5-4269-9f15-542f37c8fc8c,variables.investments,available,14.99,,medium,low,9,name.com,,,
a8fe5961-d82f-471c-8b51-d05137fd5a09,agitated.investments,available,6.98,166.98,medium,low,8,namecheap,,,
701dc1ae-4d0b-40da-9bc9-e1d54a7e0641,yourselves.investments,available,8.24,107.22,medium,low,10,dynadot,,,03/10/2026 04:32
27022be7-16b7-4737-ae59-1e0d25738909,disarmed.investments,available,100.2,100.2,medium,low,8,cloudflare,,,01/10/2026 16:34
aaf11360-f0f9-4632-9e96-51bfa765406a,abilene.investments,available,12.99,129.99,high,low,7,namesilo,,,16/09/2026 15:54
939ab45a-58a9-434e-9d4a-d3cfb4c4b640,buckram.investments,available,6.98,166.98,medium,low,7,namecheap,,,11/08/2026 07:31
02b02b80-fadd-4a56-b3fc-7f3c48c4d301,pierced.investments,available,6.98,166.98,high,low,7,namecheap,,,08/09/2026 16:50
4e13e268-93ce-4d9c-9bfc-1e73e02feb4f,miramar.investments,available,100.2,100.2,high,low,7,cloudflare,,,02/10/2026 10:58
1d1c43d1-59a1-4831-bd84-41d782e2aed5,duckling.investments,available,12.99,129.99,high,low,8,namesilo,,,25/09/2026 00:17
78268727-01c2-40b5-8562-e4fc4583b5b6,mormons.investments,available,100.2,100.2,high,low,7,cloudflare,,,02/10/2026 04:22
3b453456-fd30-4142-98dd-3e6a67566ea7,outright.investments,available,6.98,166.98,high,low,8,namecheap,,,04/09/2026 19:35
cd317e0f-db5e-44d9-88e4-c19f236c3937,motif.investments,available,12.99,129.99,high,low,5,namesilo,,,02/10/2026 16:08
3d08fe71-5bb2-4df3-9040-504844251aea,elegance.investments,available,8.24,103.5,high,low,8,porkbun,,,30/09/2026 09:32
c693016b-e7df-451b-a4bf-093e7a6a851f,hot.investments,premium,242,242,high,medium,3,namesilo,,,19/09/2026 15:25
1cf26d9f-3055-49c3-a424-023a88d68a58,peaky.investments,available,6.98,166.98,medium,low,5,namecheap,,,08/09/2026 11:10
be62e4a4-45c2-4914-b77c-243b0293308a,canteen.investments,available,12.99,129.99,high,low,7,namesilo,,,24/09/2026 12:09
b839c369-6ace-4ff1-a67c-262ff28f34c7,unarmed.investments,available,6.98,166.98,medium,low,7,namecheap,,,12/09/2026 01:00
058c2c66-ac54-455b-bff3-d1c86b3e4060,veal.investments,available,12,,medium,low,4,unstoppable,,,30/09/2026 14:19
e7c2dd22-188d-4dbb-b68f-2607b042cbb9,flush.investments,available,6.98,166.98,high,low,5,namecheap,,,
968cc003-9a80-4d6b-9859-cbc36fcca29a,jerking.investments,available,6.98,166.98,medium,low,7,namecheap,,,06/08/2026 21:58
78bbe795-aab7-47fc-a6ba-b8f3c7edda39,leaked.investments,available,6.41,103.7,high,low,6,spaceship,,,30/09/2026 06:51
bb4dda9b-9adb-4460-9ba8-715b34a6a447,barry.investments,available,12.99,129.99,high,low,5,namesilo,,,25/09/2026 11:27
cd47b684-89c4-4d0a-ab20-f67376815c1e,users.investments,available,12.99,129.99,high,low,5,namesilo,,,17/09/2026 23:19
12d2f1cf-cf76-48da-8c3d-a1479a255650,net.investments,premium,242,242,high,medium,3,namesilo,,,25/09/2026 22:57
bf1ea8e5-40d6-4afb-8a4d-db70bb8f23a3,trial.investments,available,12,,high,low,5,unstoppable,,,30/09/2026 13:04
0ce5ce9c-1d2b-405f-9645-ffece3787e14,distinction.investments,available,100.2,100.2,high,low,11,cloudflare,,,02/10/2026 21:05
88e17344-0b26-455e-992d-bd73654425af,unreserved.investments,available,6.98,166.98,medium,low,10,namecheap,,,12/09/2026 18:21
c9428641-c0a2-4f91-a1d5-3ece5be1cb9b,completing.investments,available,6.98,166.98,high,low,10,namecheap,,,23/09/2026 17:20
65e18a04-5b0f-4d4d-b487-a7cdaa3a7c90,undue.investments,available,6.98,166.98,medium,low,5,namecheap,,,17/08/2026 16:19
bb48a276-d53f-4b79-a858-6e35c9f870e4,quieted.investments,available,12.99,129.99,medium,low,7,namesilo,,,20/09/2026 16:24
554d2d0d-2540-4958-b0f1-7c4660863474,bine.investments,available,12.99,129.99,medium,low,4,namesilo,,,23/09/2026 17:13
4f2ea84c-17ee-4218-9dbc-767d43cbef74,litton.investments,available,12.99,129.99,medium,low,6,namesilo,,,02/10/2026 00:54
581dd702-4afd-4b51-b68e-357896703f45,dominical.investments,available,6.98,166.98,medium,low,9,namecheap,,,14/08/2026 15:42
c0ee20e1-6cb5-4516-a8bf-fbfe83210fdb,petalous.investments,available,6.98,166.98,medium,low,8,namecheap,,,08/09/2026 18:15
34cc9f22-9845-46ad-911d-f6f76e0bbf4a,palsied.investments,available,6.98,166.98,medium,low,7,namecheap,,,05/09/2026 00:19
ed342917-9d6d-4800-a9c3-ecf82d6f106c,translate.investments,available,12.99,129.99,high,low,9,namesilo,,,28/09/2026 06:59
037ef4b4-241b-4c12-bd21-3dc3e01bfeb2,improvements.investments,available,6.41,103.7,medium,low,12,spaceship,,,30/09/2026 06:38
711b8423-3713-41cc-a0a3-b759033eb9f6,canons.investments,available,12.99,129.99,medium,low,6,namesilo,,,02/10/2026 12:00
43de4888-b1b2-48b5-993d-8d750fc292d0,ils.investments,available,12.99,129.99,medium,low,3,namesilo,,,30/09/2026 00:10
fb76f492-c8e4-48aa-81f5-08f81ec0b971,keep.investments,available,12.99,129.99,high,low,4,namesilo,,,29/09/2026 04:03
3234929f-5be8-40a1-ad8b-9f1ba525b070,droning.investments,available,6.98,166.98,medium,low,7,namecheap,,,25/08/2026 05:28
c5e1a95b-5eb6-4c1e-84bd-9bc9a4b67cef,plummy.investments,available,6.98,166.98,medium,low,6,namecheap,,,08/09/2026 21:51
7c5453a5-20fa-4586-bf40-7cc4690fd3ba,geneva.investments,available,6.41,103.7,high,low,6,spaceship,,,28/09/2026 09:52
6cacae09-1d0d-4255-aa2a-98a865d009ec,lunchboxes.investments,available,6.98,166.98,medium,low,10,namecheap,,,21/09/2026 09:13
b903c28f-b99d-4573-a4e4-9cc179a8cd88,colonization.investments,available,6.41,103.7,medium,low,12,spaceship,,,02/10/2026 01:18
dc98e447-6d98-4b9e-a46c-04e32e20199d,riddles.investments,available,100.2,100.2,medium,low,7,cloudflare,,,02/10/2026 19:06
81af6a70-0b3c-454e-b182-247ef527f443,regio.investments,available,6.41,103.7,medium,low,5,spaceship,,,02/10/2026 23:25
f60da82e-8a16-4841-ab0d-28b20a535d54,funicular.investments,available,6.98,166.98,medium,low,9,namecheap,,,18/08/2026 18:41
af82fb45-1f7a-4f28-a964-0140e8a4676c,maiden.investments,available,6.98,166.98,high,low,6,namecheap,,,22/08/2026 05:32
5fb6d07d-4604-4d52-838f-5a46d24ee2ad,verminous.investments,available,6.98,166.98,medium,low,9,namecheap,,,13/09/2026 04:05
31441dfc-6cd5-4ebd-befb-fef6c9d4b7a1,keypress.investments,available,14.99,,medium,low,9,name.com,,,
74ab7415-9f23-407a-8f4b-a4c413eb8975,phones.investments,available,6.98,166.98,high,low,6,namecheap,,,20/09/2026 09:31
d5315cf9-b6a1-4da3-9f2f-04ee6dc727a5,cosmetics.investments,premium,207.2,207.2,high,low,9,spaceship,,,29/09/2026 04:53
27fc4be0-850d-4c23-a278-4388938a5bd0,masquerade.investments,available,6.41,103.7,high,low,10,spaceship,,,30/09/2026 17:17
ffd9018d-03dc-4294-a48c-90b998ea01fe,planck.investments,available,12.99,129.99,high,low,6,namesilo,,,28/09/2026 02:23
e3b0a862-df8b-4056-8d09-1900540fccd1,amerindian.investments,available,6.98,166.98,medium,low,10,namecheap,,,03/09/2026 13:51
acf92615-468b-4bb6-a611-c2bae9e91d30,litigation.investments,available,100.2,100.2,high,low,10,cloudflare,,,30/09/2026 02:06
0c0b6361-18f7-408e-b787-f3498a5cc66a,hitting.investments,available,12.99,129.99,high,low,7,namesilo,,,25/09/2026 07:22
d4932b98-a1c3-4d6e-86fb-8ddbdaca578e,clout.investments,available,6.98,166.98,high,low,5,namecheap,,,23/09/2026 13:48
3dfea204-6cac-4515-863f-6d5e9f7320c2,penned.investments,available,6.41,103.7,medium,low,6,spaceship,,,02/10/2026 23:05
d58304cb-a68b-4a66-a3b5-f08b6ef5b42e,sculptured.investments,available,6.98,166.98,high,low,10,namecheap,,,20/08/2026 18:52
acf90b00-125a-4d50-bcc2-1afab239f613,riddle.investments,available,14.99,170.99,high,low,6,name.com,,,24/09/2026 08:02
8ee86810-c6cd-47fb-b7e7-30697aab987c,volumetric.investments,available,6.98,166.98,medium,low,10,namecheap,,,13/09/2026 07:03
b917ddcf-c5c9-476a-8066-b7dc4ff5ec41,loretta.investments,available,6.98,166.98,medium,low,7,namecheap,,,28/09/2026 22:00
64b0502c-c0aa-4297-8b2f-f899c7043630,combatant.investments,available,6.98,166.98,medium,low,9,namecheap,,,09/08/2026 13:29
2814287b-3052-43c7-af88-d5720906e6c5,juror.investments,available,6.98,166.98,high,low,5,namecheap,,,01/10/2026 20:11
60cc1825-409d-41e5-950e-57cfb1890cde,falstaff.investments,available,6.41,103.7,high,low,8,spaceship,,,30/09/2026 09:36
8d28aa71-01e3-4785-8870-fceec199fa6e,spotlessly.investments,available,12.99,129.99,medium,low,10,namesilo,,,16/09/2026 06:37
7b7504c8-3cc9-4482-8758-489600c1d4a3,rocco.investments,available,8.24,107.22,high,low,5,dynadot,,,29/09/2026 09:27
70b0c032-a888-4b42-b758-c7ec563e738d,armand.investments,available,6.41,103.7,medium,low,6,spaceship,,,28/09/2026 07:26
bbc5dd30-8afd-43be-99b8-304def953430,remotely.investments,available,6.98,166.98,medium,low,8,namecheap,,,15/09/2026 23:10
0f9319ec-ab95-4118-9cdc-6f6c6e183388,abdication.investments,available,6.98,166.98,medium,low,10,namecheap,,,16/09/2026 14:43
29e9d5b5-fdb1-4f3d-91f9-2f2df4fedd73,allopathy.investments,available,12.99,129.99,medium,low,9,namesilo,,,18/09/2026 12:00
f01bd574-0e81-4342-90d5-383683457e8e,bellamy.investments,available,6.41,103.7,medium,low,7,spaceship,,,28/09/2026 12:15
64b8031a-9f71-48c7-8648-c4ed654cdecb,rhode.investments,available,12.99,129.99,high,low,5,namesilo,,,25/09/2026 15:06
6f87940b-2ae2-4df1-a5bb-4d9d210ed5e5,light.investments,available,6.98,166.98,high,low,5,namecheap,,,
fa18fe15-5b58-4bb3-9ab9-aee39ca5e132,louis.investments,available,12.99,129.99,high,low,5,namesilo,,,25/09/2026 07:59
42ec09c9-270f-4558-b850-fb2cc4e74106,nci.investments,available,8.24,103.5,high,low,3,porkbun,,,30/09/2026 20:56
c4881c62-f984-44a3-a49c-396bcc9d2c81,locked.investments,available,12.99,129.99,high,low,6,namesilo,,,27/09/2026 02:54
11951816-e6b5-456a-b437-0f715d8e8c91,lau.investments,available,8.24,103.5,medium,low,3,porkbun,,,28/09/2026 07:25
f52a9421-ba43-45a3-8425-ca61c4e58c25,drilling.investments,available,6.98,166.98,high,low,8,namecheap,,,10/08/2026 20:06
9251632b-a345-41a4-acca-349ee03f5eed,covers.investments,available,12.99,129.99,high,low,6,namesilo,,,27/09/2026 09:49
5ef0d539-73b6-41ac-ac06-052d18ca7a95,textual.investments,available,6.98,166.98,high,low,7,namecheap,,,11/09/2026 12:20
7aa88e89-ec1b-4e0e-869d-aef150c996a8,enumerable.investments,available,6.98,166.98,medium,low,10,namecheap,,,13/08/2026 03:30
11543fad-6d4c-48b6-8618-b5a0e56fe547,caius.investments,available,12,,medium,low,5,unstoppable,,,30/09/2026 20:06
cc522bde-9944-4494-a5a8-bff917d40e52,webshop.investments,available,14.99,,high,low,8,name.com,,,
8f568392-262c-499f-9cde-423f52ab8b33,ilx.investments,available,6.98,166.98,medium,low,3,namecheap,,,
8d8e4db6-1918-42f1-88cf-9a26795bc917,eatable.investments,available,6.98,166.98,medium,low,7,namecheap,,,12/08/2026 18:47
516e11c5-36f4-435c-9120-f1034ab7fc07,hulk.investments,available,6.41,103.7,high,low,4,spaceship,,,29/09/2026 13:05
ec05ed90-29c5-4b17-a4a6-cab4feeccf9c,lucius.investments,available,12.99,129.99,high,low,6,namesilo,,,25/09/2026 15:11
6a4851f4-f23e-4267-bfae-f039295ca1aa,exhilarating.investments,available,6.41,103.7,high,low,12,spaceship,,,02/10/2026 18:08
4c67384e-c180-41c0-a665-2414bd353b1a,keokuk.investments,available,6.41,103.7,medium,low,6,spaceship,,,01/10/2026 20:13
b00cea1e-cb97-4f6d-ac7a-95a227570392,coordination.investments,available,100.2,100.2,high,low,12,cloudflare,,,01/10/2026 16:03
c4393672-020c-4aa7-b41b-f799eee88c7e,anonymously.investments,available,6.41,103.7,medium,low,11,spaceship,,,02/10/2026 01:41
8bba9e8f-2d1f-4107-9ed1-f81bc3c7e156,mediaeval.investments,available,6.98,166.98,medium,low,9,namecheap,,,24/08/2026 18:49
296c843c-60fa-473b-8065-a5dca8f96fee,cloak.investments,available,12.99,129.99,high,medium,5,namesilo,,,24/09/2026 15:49
1766449d-219f-4f4a-930c-a95eaa3996fc,horn.investments,available,12.99,129.99,high,low,4,namesilo,,,21/09/2026 07:21
72dbbfca-2e2a-4822-aac2-cb26219968a3,initially.investments,available,12.99,129.99,medium,low,9,namesilo,,,28/09/2026 11:32
5a45ccb8-e821-451d-b25d-83d42a291b26,checker.investments,available,6.98,166.98,high,low,7,namecheap,,,24/09/2026 13:59
51f12c04-30f7-426e-9b2c-6e9919aee790,asked.investments,available,8.24,107.22,high,low,5,dynadot,,,01/10/2026 19:00
e11e65f3-3b60-4fd9-a2a4-af001fa16cbf,prodigal.investments,available,6.98,166.98,high,low,8,namecheap,,,09/09/2026 02:36
0c180982-29a3-4dc2-a4a3-1c9475c6f6e7,incompetent.investments,available,8.24,103.5,medium,low,11,porkbun,,,28/09/2026 21:19
ee8a693b-5bcf-4856-9537-e69b5051e17f,boehm.investments,available,12.99,129.99,high,low,5,namesilo,,,23/09/2026 03:39
5e29dddf-14bd-4013-9e48-d93558c7ffd7,validating.investments,available,6.98,166.98,high,low,10,namecheap,,,12/08/2026 20:53
06b74cbe-3831-4e5d-afb3-b5d69781c4e7,porch.investments,available,6.41,103.7,high,low,5,spaceship,,,27/09/2026 15:20
710be15b-7364-4a45-844e-79a361488066,magpie.investments,available,12.99,129.99,high,low,6,namesilo,,,21/09/2026 12:29
a261eac5-99f2-4a44-a614-0f64a273b874,paths.investments,available,6.98,166.98,medium,low,5,namecheap,,,18/09/2026 10:52
c2425014-18c2-4156-87a3-48aa1052ce9b,arcuate.investments,available,6.98,166.98,medium,low,7,namecheap,,,06/08/2026 14:49
f042097a-c421-4b06-8e70-25ed074e7c95,frick.investments,available,12.99,129.99,medium,low,5,namesilo,,,29/09/2026 01:01
ef4da35d-60bd-4859-a8d9-d64f8824655d,distrust.investments,available,12.99,129.99,high,low,8,namesilo,,,24/09/2026 23:13
c59713ca-3e66-4470-a9a0-24cc5e058d6c,blackfly.investments,available,12.99,129.99,medium,low,8,namesilo,,,19/09/2026 17:06
d86f47a2-250d-484c-a462-3cec5698a3b5,kerosene.investments,available,12,,high,low,8,unstoppable,,,01/10/2026 18:59
3becb850-f6d9-4cba-9560-f026a7a169ea,barque.investments,available,12.99,129.99,high,low,6,namesilo,,,22/09/2026 07:48
0fc35820-7101-424a-8231-0f197f75fc10,aphrodite.investments,available,12.99,129.99,high,low,9,namesilo,,,19/09/2026 17:15
bacb27a0-2b0d-441c-a2c2-7b5fa190ae65,saunders.investments,available,8.24,103.5,high,low,8,porkbun,,,27/09/2026 19:44
976cad8e-a331-41cf-a899-4fec7aad7b16,collateral.investments,available,6.98,166.98,high,low,10,namecheap,,,12/08/2026 16:42
ae6687b0-09e3-45d8-b379-5d3ee356e1a2,multipurpose.investments,available,14.99,,medium,low,13,name.com,,,
54d86ba1-ccb9-4fce-a333-eb1c73ddf356,semi.investments,available,12.99,129.99,high,low,4,namesilo,,,20/09/2026 11:18
ca04174c-fa26-4f4e-8e77-6af168677132,chanting.investments,available,100.2,100.2,high,low,8,cloudflare,,,28/09/2026 18:40
da51edc2-3097-46d3-92e1-3910f8082d68,adjunction.investments,available,12.99,129.99,medium,low,10,namesilo,,,17/09/2026 08:25
2dba67e6-d13b-4e11-ba40-5ceea370982f,looks.investments,available,12,,high,low,5,unstoppable,,,02/10/2026 18:53
2a11459e-a47c-4c5d-a7d1-97cebbe3bfa3,groundless.investments,available,6.98,166.98,medium,low,10,namecheap,,,08/08/2026 21:49
a4f77f7e-f7aa-4b04-bf3c-0919781d60c0,whitehall.investments,available,12.99,129.99,medium,low,9,namesilo,,,02/10/2026 17:09
2b818d39-dd16-4e97-be7b-12d103168ed8,flip.investments,available,6.98,166.98,high,medium,4,namecheap,,,24/09/2026 20:06
63cc67bf-1fb2-4b28-b230-c2f66d18e496,sane.investments,available,12.99,129.99,high,low,4,namesilo,,,19/09/2026 15:46
31a11beb-f88d-4009-8006-a18fa6434bc1,tobin.investments,available,12,,high,low,5,unstoppable,,,28/09/2026 06:04
5f3110ba-e229-44b7-ae1f-94ec4505a331,sleeping.investments,available,100.2,100.2,high,low,8,cloudflare,,,27/09/2026 22:26
8b4eacc4-84f0-4fe9-9290-c4c8b3ad4e21,bewitched.investments,available,6.98,166.98,medium,low,9,namecheap,,,09/08/2026 18:17
93ce31ab-3b10-4fe2-b939-d3ba60bac85d,calculations.investments,available,12.99,129.99,medium,low,12,namesilo,,,17/09/2026 02:07
64ad0eb9-384c-4426-9b1d-25607eaea529,floodlit.investments,available,6.98,166.98,medium,low,8,namecheap,,,18/08/2026 08:47
5ed65620-3744-4345-b119-24205ccc4c34,rallied.investments,available,12.99,129.99,medium,low,7,namesilo,,,02/10/2026 23:05
dc0f61c1-8398-4643-90aa-ae76b1f5a1da,solomonic.investments,available,6.98,166.98,medium,low,9,namecheap,,,10/09/2026 13:43
4c2efea2-fca7-4333-92f2-0c6d37c1adb0,culmination.investments,available,8.24,107.22,medium,low,11,dynadot,,,02/10/2026 21:36
748242a7-d903-4f4c-b7cd-e155b66b0497,reachable.investments,available,6.98,166.98,high,low,9,namecheap,,,09/09/2026 10:55
9c03893e-0f33-4ce4-89fd-be491a1ad17f,aventurine.investments,available,12.99,129.99,medium,low,10,namesilo,,,21/09/2026 09:07
7dfe4969-241a-44c6-9f76-307330617d8f,pad.investments,premium,99.5,118.8,high,low,3,unstoppable,,,29/09/2026 16:29
f303f8ce-7156-40ae-b0ec-c5aad1facd50,tumescent.investments,available,6.98,166.98,medium,low,9,namecheap,,,22/08/2026 08:52
5eac54ee-720f-4e5d-9e28-9e45242e834a,conceive.investments,available,6.41,103.7,high,low,8,spaceship,,,29/09/2026 14:04
84dc0cb3-2c4e-448e-8cc2-6687b3103a70,governmental.investments,available,6.98,166.98,medium,low,12,namecheap,,,01/10/2026 22:31
c1b8f775-7193-4208-974a-a142720f7b21,amused.investments,available,6.98,166.98,high,low,6,namecheap,,,
e056cd00-b309-461c-b9b3-65b90f92116e,anchorite.investments,available,12.99,129.99,medium,low,9,namesilo,,,19/09/2026 03:44
e6566074-642c-4a15-9396-1f773586f7e3,levantine.investments,available,6.98,166.98,high,low,9,namecheap,,,23/08/2026 00:31
f70729fc-5f15-4c3f-8495-899a3d3df189,apprehensive.investments,available,12.99,129.99,medium,low,12,namesilo,,,02/10/2026 06:57
1004abed-5cda-4a17-86db-a669e95922a5,abuses.investments,available,12,,low,low,6,unstoppable,,,02/10/2026 01:44
3063c857-cc1f-481a-beb3-7431435be7b6,kemal.investments,available,6.41,103.7,medium,low,5,spaceship,,,30/09/2026 05:10
c2835b86-7343-4052-ae87-7f80a04360b7,botany.investments,available,12.99,129.99,high,low,6,namesilo,,,01/10/2026 02:32
902a2b5c-e21c-412d-b070-ad04a7dd43d1,fuzzy.investments,available,12.99,129.99,high,low,5,namesilo,,,22/09/2026 23:28
1d97a5e9-1b1d-4022-9c1e-0d201acc7342,clay.investments,resell,,,high,low,4,Dynadot Inc,14/05/2026 17:00,14/05/2027 17:00,29/09/2026 05:45
89003ec9-6f7f-4536-a91e-0c6d085546ce,dennis.investments,available,12.99,129.99,high,low,6,namesilo,,,25/09/2026 13:58
72780918-9616-444e-a07b-489619ecaeef,pseud.investments,available,6.98,166.98,medium,low,5,namecheap,,,09/09/2026 05:04
27325ae4-e3aa-4bac-a972-1baf690ed218,wesley.investments,available,6.98,166.98,high,low,6,namecheap,,,25/09/2026 22:12
9c590f41-eb5c-44ce-bfc2-21dfa582ce93,vols.investments,available,6.41,103.7,medium,low,4,spaceship,,,27/09/2026 11:41
73e12321-2315-4bd9-a689-a9e8e1dc702c,continuation.investments,available,6.41,103.7,high,low,12,spaceship,,,30/09/2026 14:34
f402ba63-2e7b-4716-a5d0-5cf40b4de3fc,senescent.investments,available,6.98,166.98,medium,low,9,namecheap,,,
5769e60e-bbb7-49b4-adff-ce34cdc9b489,eliminated.investments,available,12.99,129.99,medium,low,10,namesilo,,,28/09/2026 17:04
a7825b63-7ab0-4039-baf8-6484e1ae99d7,outsiders.investments,available,100.2,100.2,high,low,9,cloudflare,,,30/09/2026 00:41
4c71f111-8c92-4ed9-a513-0faaeadfe634,haifa.investments,available,12.99,129.99,high,low,5,namesilo,,,28/09/2026 02:03
b0cf40ba-06a1-41d6-94bb-1c56e5cbd928,epical.investments,available,6.98,166.98,medium,low,6,namecheap,,,17/08/2026 10:29
e5f2cbdc-87b3-4dcd-a925-3e797af137b5,loamy.investments,available,6.98,166.98,medium,low,5,namecheap,,,24/08/2026 08:15
1560d875-8670-4d2c-8212-26d62fbe00fa,brattleboro.investments,available,6.41,103.7,high,low,11,spaceship,,,02/10/2026 19:07
710306d9-b14e-460a-9343-ce837614e8ea,delete.investments,available,8.24,103.5,high,low,6,porkbun,,,29/09/2026 14:11
d14ecf6e-1e0f-4d63-86cb-6084113a5b52,arrayed.investments,available,6.98,166.98,medium,low,7,namecheap,,,06/08/2026 21:37
3515817c-0cd6-4fd1-968b-0729b7eded90,arguments.investments,available,14.99,170.99,medium,low,9,name.com,,,16/09/2026 05:03
e3794ba9-4ae7-4f8c-a3f3-24069a913918,chp.investments,available,6.41,103.7,medium,low,3,spaceship,,,01/10/2026 01:06
426c15ff-f404-402c-8c17-d5b8dd978d01,illinois.investments,available,6.98,166.98,high,low,8,namecheap,,,21/08/2026 18:40
b3f9ae57-9d8e-4377-b283-52c5f65c19e6,follows.investments,available,12.99,129.99,high,low,7,namesilo,,,27/09/2026 18:23
eff8b54b-d4cb-422a-82c8-23d51e96f7ed,diving.investments,available,12.99,129.99,high,low,6,namesilo,,,29/09/2026 16:25
53458a23-22b9-48ea-9afa-778c8029a570,confront.investments,available,8.24,103.5,medium,low,8,porkbun,,,28/09/2026 09:44
1c71d976-ca0e-424b-a35b-1bd3b84200ec,majuscule.investments,available,6.98,166.98,medium,low,9,namecheap,,,24/08/2026 13:26
1e005970-206c-46b5-8acf-8eb28c51ee01,pharaoh.investments,available,6.41,103.7,high,low,7,spaceship,,,30/09/2026 10:51
f3c27688-b0e3-4dda-9aa3-bc76e615a7f2,delible.investments,available,6.98,166.98,low,low,7,namecheap,,,14/08/2026 00:35
6c00c652-d81b-4a3d-a020-fe602094347c,battledore.investments,available,12.99,129.99,medium,low,10,namesilo,,,21/09/2026 17:16
8b9ae40e-8ccf-432e-aba5-bdabbd12a8a3,significance.investments,available,8.24,103.5,high,low,12,porkbun,,,28/09/2026 08:20
ff36b7ae-2ffa-41c2-aa2c-7e99eac5fc95,awesome.investments,premium,242,242,high,medium,7,namesilo,,,22/09/2026 15:04
7d0dc2ad-b24d-4e0e-986b-4176a914c7ed,britten.investments,available,12.99,129.99,medium,low,7,namesilo,,,23/09/2026 08:15
0aeca37f-112c-43a4-92f1-39d3d1a862ab,slander.investments,available,6.98,166.98,medium,low,7,namecheap,,,30/09/2026 18:39
e1011d03-8fa0-4d3d-bfba-336a130b0a94,displacement.investments,available,6.41,103.7,high,low,12,spaceship,,,29/09/2026 21:00
8a35271c-ee68-4ce8-a53d-130bfa05c641,ect.investments,available,12,,high,low,3,unstoppable,,,30/09/2026 09:31
c29267c6-cb6b-40c8-9d0f-f80c35092da7,fitzroy.investments,available,6.41,103.7,medium,low,7,spaceship,,,28/09/2026 23:19
c140edde-69b4-4ee1-878f-2b963cfc5037,galle.investments,available,12,,medium,low,5,unstoppable,,,02/10/2026 08:48
f7a87928-3c78-4f02-aa7f-3393664aef60,malcontent.investments,available,6.98,166.98,medium,low,10,namecheap,,,14/08/2026 09:23
f6927c1a-7227-4591-b074-af48b8947806,bracelet.investments,available,6.98,166.98,high,low,8,namecheap,,,22/09/2026 01:56
c90f06ba-1349-4407-bdf3-316efd740116,markus.investments,available,6.41,103.7,high,low,6,spaceship,,,28/09/2026 21:58
1aab1ef3-0e57-440c-b057-f11a096a72c7,csx.investments,available,6.41,103.7,high,low,3,spaceship,,,30/09/2026 05:44
bc3525d7-6544-4b49-b067-f6312ec34efd,gravelly.investments,available,6.98,166.98,medium,low,8,namecheap,,,20/08/2026 18:27
fa489f8e-bd7d-4df3-b67c-2aa4cfe43610,postbox.investments,available,14.99,,high,low,8,name.com,,,
5b59f377-b9f8-4ad6-b70a-3b6a4cb0893a,abkhaz.investments,available,6.98,166.98,medium,low,6,namecheap,,,
a65c41e0-50b8-430c-9c93-f3a27d3547d4,airlike.investments,available,6.98,166.98,medium,low,7,namecheap,,,
9e86ab66-264c-495c-8037-19d58ded10f0,injecting.investments,available,6.41,103.7,low,low,9,spaceship,,,02/10/2026 22:22
47968e23-ba35-4153-90f7-c7931e54fafd,blushing.investments,available,12.99,129.99,high,low,8,namesilo,,,02/10/2026 07:03
376d29be-0d53-426b-9c60-16242a72835c,planetal.investments,available,6.98,166.98,medium,low,8,namecheap,,,08/09/2026 20:42
7c6c495a-24a5-41ce-b04d-9defdbba68ab,offend.investments,available,12,,medium,low,6,unstoppable,,,28/09/2026 18:28
9eb6f043-587d-4aba-bb61-c6e03cb0c0fa,lifeboat.investments,available,100.2,100.2,high,low,8,cloudflare,,,29/09/2026 19:32
96a2deb6-0a98-4756-aa75-af6d288bc347,servicemen.investments,available,12.99,129.99,medium,low,10,namesilo,,,02/10/2026 12:09
b6182273-1043-4822-84d8-ec55efe8f044,tiro.investments,available,12.99,129.99,medium,low,4,namesilo,,,23/09/2026 02:28
28982f89-b549-41d3-973b-39019de8c1df,wanda.investments,available,6.41,103.7,medium,low,5,spaceship,,,28/09/2026 07:42
4d6c2c6f-71f1-4711-8898-fef3317090b0,yerevan.investments,available,12.99,129.99,high,low,7,namesilo,,,29/09/2026 11:51
f303c0b3-c9bc-422a-b103-5d02bd056472,surfaces.investments,available,14.99,,medium,low,8,name.com,,,
01ff7a6d-2ad1-42d9-819c-389b04eaae54,starkey.investments,available,12,,high,low,7,unstoppable,,,01/10/2026 21:32
41b91900-2c31-4648-8f3c-3a4af5abbd52,tubes.investments,available,12.99,129.99,medium,low,5,namesilo,,,20/09/2026 00:50
b6331817-0886-46a3-9957-032934463532,starry.investments,available,6.98,166.98,high,low,6,namecheap,,,10/09/2026 18:58
891f1cd7-f886-4d83-b7ab-b1879cfffb76,jingly.investments,available,6.98,166.98,medium,low,6,namecheap,,,22/08/2026 13:29
3a3371f2-d435-40f7-a880-3fb398cc3ccd,lgbt.investments,available,12.99,129.99,high,low,4,namesilo,,,28/09/2026 17:00
5ec66d73-0899-4874-8e09-023febb8c998,homosexual.investments,available,6.98,166.98,high,low,10,namecheap,,,18/08/2026 20:54
4929197f-354f-4e62-b859-c1379b1a7ec7,coruscant.investments,available,6.98,166.98,medium,low,9,namecheap,,,
cbe692cf-db86-4b2b-9ce3-309315e3b7c7,neighbours.investments,available,12.99,129.99,medium,low,10,namesilo,,,18/09/2026 07:42
7b257460-154b-4630-a10d-ae8604551b8f,earth.investments,premium,440,440,high,medium,5,dynadot,,,29/09/2026 16:58
4354c1df-bf6e-4204-adf2-b0792f6e6ef0,reflective.investments,available,6.98,166.98,high,low,10,namecheap,,,11/08/2026 06:03
f5e1ec96-1c39-4674-9411-82842ab4a015,pimp.investments,available,12.99,129.99,medium,low,4,namesilo,,,29/09/2026 00:52
b01a17f5-162c-41e5-aa57-e8cd0bd29311,respiration.investments,available,12.99,129.99,high,low,11,namesilo,,,29/09/2026 23:19
8a9389fb-8959-46e7-b954-6598656866a9,quoted.investments,available,6.98,166.98,medium,low,6,namecheap,,,29/09/2026 23:28
898f8bf7-e68f-4dea-b58f-15caa1761ea2,afi.investments,available,100.2,100.2,high,low,3,cloudflare,,,30/09/2026 20:06
30a84143-4ca7-450c-8a7e-0f3aaa7f7b8c,olden.investments,available,6.98,166.98,medium,low,5,namecheap,,,04/09/2026 02:02
6f26ba44-5bb2-477f-a0a2-287c0b58f105,atonia.investments,available,12.99,129.99,medium,low,6,namesilo,,,19/09/2026 00:37
a2a2e5eb-a8ab-41d4-bd74-70d46df908aa,norah.investments,available,6.41,103.7,medium,low,5,spaceship,,,01/10/2026 08:13
b45eaf9a-c71f-49d8-ae97-45b8c1a6f346,mods.investments,available,6.98,166.98,high,low,4,namecheap,,,30/09/2026 04:53
3f88b5d1-75f9-4deb-ab1f-cca65a8c0755,adore.investments,available,12.99,129.99,high,low,5,namesilo,,,29/09/2026 08:22
8174e3fa-fb6f-4079-bf6e-a23497765a06,glider.investments,available,100.2,100.2,high,low,6,cloudflare,,,01/10/2026 02:19
c7c85db8-6692-4465-918f-067689b4e992,kennebec.investments,available,12.99,129.99,high,low,8,namesilo,,,01/10/2026 07:23
3e7bb4b1-add3-4577-8474-cc650d79426e,excellence.investments,available,100.2,100.2,high,low,10,cloudflare,,,29/09/2026 06:50
92a72d80-9702-4579-8b9c-f8b99487a026,villages.investments,available,12,,medium,low,8,unstoppable,,,29/09/2026 05:32
168df856-4d1c-47bb-9364-559cc0b4c142,sobbing.investments,available,100.2,100.2,medium,low,7,cloudflare,,,30/09/2026 02:55
b985f872-5c64-49de-b587-590e30100260,degree.investments,available,6.98,166.98,high,low,6,namecheap,,,23/08/2026 00:33
3447f1ee-0b45-4f8c-a2b9-7296d3ed2918,fanny.investments,available,6.98,166.98,medium,low,5,namecheap,,,09/08/2026 12:00
afd2d428-f441-4ded-893a-5c6a861cc6e1,van.investments,premium,242,242,high,low,3,namesilo,,,22/09/2026 14:26
a14b86c2-1f3e-49f1-8cb5-d211efe76063,querier.investments,available,6.98,166.98,medium,low,7,namecheap,,,20/09/2026 14:26
61b029e1-1289-4457-b9b8-12d2640327c9,wallace.investments,available,12.99,129.99,high,low,7,namesilo,,,18/09/2026 06:43
b24a7667-1cd5-4cbe-86b7-2991ce21ef8b,fmri.investments,available,8.24,103.5,high,low,4,porkbun,,,02/10/2026 04:55
8cee4578-e025-4285-8c16-8b59d2622ffc,whitby.investments,available,6.41,103.7,medium,low,6,spaceship,,,29/09/2026 23:34
ed88f09d-fb19-4336-8939-5f4c7d4a0166,morally.investments,available,6.98,166.98,medium,low,7,namecheap,,,15/09/2026 15:25
f48df314-bbe9-41b4-89cb-fe8b34092890,charivari.investments,available,12.99,129.99,medium,low,9,namesilo,,,23/09/2026 06:08
f96dfbe6-fc1b-4569-ad43-d02293693c85,cores.investments,available,6.98,166.98,medium,low,5,namecheap,,,01/10/2026 16:54
224c761e-edd1-496c-845d-176a7d9792bc,unbordered.investments,available,6.98,166.98,medium,low,10,namecheap,,,12/09/2026 02:21
6649e961-0e31-41e1-8daf-be0a0397509d,morality.investments,available,6.41,103.7,medium,low,8,spaceship,,,28/09/2026 09:42
e2ec517d-9a7b-47c7-b8a1-865babb1ed47,dissection.investments,available,12.99,129.99,high,low,10,namesilo,,,24/09/2026 23:04
b579ce8f-afe8-4604-ae66-b42f27f4a4e2,bid.investments,premium,118.8,118.8,high,low,3,namesilo,,,29/09/2026 02:29
6b416087-10a1-4373-aaf8-72c1a70febcd,ambivalence.investments,available,14.99,,high,low,11,name.com,,,
5907a5ba-3c07-4aaa-86b0-6b233892cbea,upgrade.investments,available,12.99,129.99,high,low,7,namesilo,,,16/09/2026 22:42
4a05042e-3423-4eba-acb3-b99ca411dc08,beguine.investments,available,12.99,129.99,medium,low,7,namesilo,,,23/09/2026 02:59
d82cd2ac-a781-477f-8d03-f3a8240564b5,desiccated.investments,available,6.98,166.98,medium,low,10,namecheap,,,14/08/2026 03:33
b30ae96a-ba63-443b-973a-e972b2fdb3c0,effects.investments,available,12.99,129.99,high,low,7,namesilo,,,27/09/2026 03:49
3bc1df5c-f9cf-40fc-b9ed-4ec6f75fb516,regiment.investments,available,6.98,166.98,medium,low,8,namecheap,,,28/09/2026 20:17
412d8f67-9f7e-4f4e-bcdd-f1fb24ff32f3,chastity.investments,available,6.41,103.7,medium,low,8,spaceship,,,30/09/2026 16:41
891afd90-defb-4b52-b721-0071722cdf98,scrooge.investments,available,8.24,103.5,medium,low,7,porkbun,,,30/09/2026 10:35
1da4265c-b54b-4ee2-af42-3edc6683e31a,seduction.investments,available,100.2,100.2,high,low,9,cloudflare,,,30/09/2026 11:00
85e91519-d62a-4acf-ae0f-560e94eced24,cloudberry.investments,available,6.98,166.98,medium,low,10,namecheap,,,21/09/2026 20:03
412df79f-ca02-46de-a896-121b6bd8c637,affectionate.investments,available,100.2,100.2,high,low,12,cloudflare,,,01/10/2026 00:35
4ac481db-3237-482c-8d7b-47578a3a379a,titivate.investments,available,6.98,166.98,medium,low,8,namecheap,,,10/09/2026 16:59
75e3a9b0-d2d6-42fe-9921-2bfdf74d3d09,organist.investments,available,12.99,129.99,high,low,8,namesilo,,,02/10/2026 16:16
566b13e6-de72-43fb-8f53-581bf45a8bdf,writings.investments,available,6.41,103.7,high,low,8,spaceship,,,30/09/2026 01:48
419cb6f0-8974-4edd-a74e-781c96accd35,lambert.investments,available,12.99,129.99,high,low,7,namesilo,,,28/09/2026 13:45
daea129c-f752-4208-bcf2-6ea47ae4fee0,damien.investments,available,12.99,129.99,medium,low,6,namesilo,,,28/09/2026 21:57
e399a10c-fa50-4f64-ad77-0267a0eabbee,fundraiser.investments,available,100.2,100.2,high,low,10,cloudflare,,,30/09/2026 17:25
0ac5b063-0947-4b01-b68c-ad01488383b4,arthritis.investments,available,12.99,129.99,high,low,9,namesilo,,,20/09/2026 10:37
3d4a1813-79fc-40f4-b809-a926d104a0d4,hagerstown.investments,available,6.41,103.7,medium,low,10,spaceship,,,29/09/2026 19:06
b21b692e-e241-40e1-9386-c499a795f1b2,squalid.investments,available,6.98,166.98,medium,low,7,namecheap,,,10/09/2026 14:31
95e0e2a3-a7b7-4c48-855d-7674d4709943,wee.investments,available,6.98,166.98,high,low,3,namecheap,,,10/08/2026 08:17
ecf110cc-2ec4-4cd6-94a2-d675b9e884a1,highways.investments,available,8.24,107.22,medium,low,8,dynadot,,,30/09/2026 00:05
85933d72-22ed-4889-9f07-e0a1ca03ca16,spurious.investments,available,6.98,166.98,medium,low,8,namecheap,,,09/08/2026 00:03
f99598eb-2b79-4c1d-b5e1-9ec21da86943,antithesis.investments,available,12.99,129.99,medium,low,10,namesilo,,,19/09/2026 15:11
5bed447a-733b-4f82-ba27-4170505672a0,expound.investments,available,6.98,166.98,high,low,7,namecheap,,,16/08/2026 00:37
708dc81b-3a30-4614-8f17-8ac60ef5a250,rufous.investments,available,12,,high,low,6,unstoppable,,,29/09/2026 22:57
39fce7b2-30e0-49a5-973d-fb9bda62f945,potential.investments,premium,118.8,118.8,high,low,9,namesilo,,,27/09/2026 04:46
6dba1c05-5468-4b64-bcb1-d833a1a5e729,assiduous.investments,available,6.98,166.98,medium,low,9,namecheap,,,07/08/2026 06:09
9dffbfdf-72a2-4560-a86b-2b5d4d9b3947,vor.investments,available,12.99,129.99,medium,low,3,namesilo,,,30/09/2026 03:38
dee52743-789d-4d5c-a64d-ec91b94794cd,inconvenient.investments,available,12.99,129.99,high,low,12,namesilo,,,01/10/2026 05:50
1c37f68a-30ba-45e6-951a-46aec7944673,holman.investments,available,12,,high,low,6,unstoppable,,,28/09/2026 04:15
7388478d-540e-482d-ad28-1f4875e050a3,initiation.investments,available,6.41,103.7,high,low,10,spaceship,,,29/09/2026 12:23
ca4b7b0d-d005-4e0b-9b22-8ab23bef74d5,crossways.investments,available,6.98,166.98,medium,low,9,namecheap,,,14/09/2026 09:48
8bc9152e-95e4-405b-89fd-dacbee7259e9,via.investments,premium,,,high,medium,3,,,,28/09/2026 15:38
d3534146-85db-4709-81b9-ca85c7b2fcdf,piping.investments,available,6.98,166.98,medium,low,6,namecheap,,,10/09/2026 19:43
c4399529-fa5d-4197-810b-7a2211473f6a,deliberate.investments,available,6.98,166.98,high,low,10,namecheap,,,11/08/2026 13:56
e1a543d6-9a9e-482e-beae-761e413b87d5,alan.investments,available,12.99,129.99,high,low,4,namesilo,,,25/09/2026 11:29
57e945c0-458a-4964-b70f-90192b6c01ab,valueable.investments,available,12.99,129.99,medium,low,9,namesilo,,,02/10/2026 04:51
882c492a-b083-465e-a87b-28fee654f9ef,improbable.investments,available,6.98,166.98,medium,low,10,namecheap,,,21/08/2026 23:07
c9cdccde-0882-43ae-8ee6-67e4b9e27ce8,commentate.investments,available,100.2,100.2,high,low,10,cloudflare,,,30/09/2026 17:26
f69b4498-a8e9-49ff-9592-6e02aaf54b7c,subatomic.investments,available,6.98,166.98,medium,low,9,namecheap,,,10/09/2026 23:38
506be62e-f807-48a2-8b0d-a4dc157be8fb,profanely.investments,available,6.98,166.98,low,low,9,namecheap,,,15/09/2026 21:40
eeb395fc-5d12-4c2a-b653-abc6e38c2b11,pancreas.investments,available,6.41,103.7,high,low,8,spaceship,,,30/09/2026 06:22
1e60e32d-b64f-4334-bc2f-75c68ac97b18,nectarous.investments,available,6.98,166.98,medium,low,9,namecheap,,,
fb7b79f6-eb92-4fc4-a316-ec486ca8a718,detrimental.investments,available,12.99,129.99,medium,low,11,namesilo,,,02/10/2026 17:33
27dd250b-e129-4943-b1a5-e6e42236d71d,wain.investments,available,12.99,129.99,medium,low,4,namesilo,,,23/09/2026 14:30
cd7979d3-d70f-49a4-915e-88e2cf82017b,issa.investments,available,12,,high,low,4,unstoppable,,,30/09/2026 20:12
c3f03841-f00c-459e-9569-08433c9d05d0,faster.investments,available,6.98,166.98,high,low,6,namecheap,,,14/09/2026 17:46
ed41b853-b324-453a-a20c-643cbf7a2209,albumin.investments,available,12.99,129.99,medium,low,7,namesilo,,,18/09/2026 03:26
5724fb23-e0ea-41cc-b1cd-141fd28884ef,homeward.investments,available,6.98,166.98,high,low,8,namecheap,,,21/08/2026 11:22
ecc1e548-1774-41d6-af2f-cd8aa6979a13,applause.investments,available,6.98,166.98,high,low,8,namecheap,,,19/09/2026 20:55
884104ee-7038-4f7f-a256-1417c9f66c94,mic.investments,premium,,,high,low,3,,,,30/09/2026 03:43
0f79f7f1-020d-4b40-ab74-dd6fd5177872,breathless.investments,available,6.98,166.98,medium,low,10,namecheap,,,11/08/2026 03:23
f3aa8d4e-c29b-45a1-8965-a4f25920355f,amnesty.investments,available,12.99,129.99,high,low,7,namesilo,,,18/09/2026 22:23
7e62ef69-764e-4423-8942-fab2daca7030,lav.investments,available,6.98,166.98,medium,low,3,namecheap,,,09/09/2026 02:16
61abbb2b-7122-420a-bfd1-4746c6cd8edd,transactions.investments,available,6.41,103.7,high,low,12,spaceship,,,29/09/2026 02:35
8892b354-5d8d-4379-ac6e-33bdd4e6adf6,year.investments,available,12.99,129.99,high,low,4,namesilo,,,30/09/2026 14:04
aaac9584-31db-48ec-b2fb-b2efb11adfd4,nilotic.investments,available,6.98,166.98,medium,low,7,namecheap,,,03/09/2026 17:26
c4eabd1e-3d40-4cde-b431-3567e63300af,landlord.investments,available,8.24,103.5,high,low,8,porkbun,,,28/09/2026 02:14
47a41d48-099c-4287-9a75-ffe7eb6dfdd9,brownish.investments,available,6.98,166.98,medium,low,8,namecheap,,,11/08/2026 06:19
78b26e0c-603c-4ddb-bc9f-6e83ae744331,profiles.investments,available,12.99,129.99,high,low,8,namesilo,,,30/09/2026 15:45
44b9d09d-e435-4c34-b469-fdc195a59f19,truce.investments,available,6.98,166.98,high,low,5,namecheap,,,20/09/2026 07:17
e1dec8a3-08fc-4e8d-985a-beba9fe24b80,alupent.investments,available,12.99,129.99,medium,low,7,namesilo,,,18/09/2026 15:17
f39d304d-17ac-44c8-9b67-19ba3bcaad4e,shrewdness.investments,available,6.98,166.98,high,low,10,namecheap,,,20/09/2026 18:18
aa8e986c-506e-4eda-81cd-cd9a33ff0df7,lackey.investments,available,12.99,129.99,medium,low,6,namesilo,,,20/09/2026 15:38
469ffd86-3968-4111-8c0d-f6eb49a67418,vitis.investments,available,6.98,166.98,high,low,5,namecheap,,,03/10/2026 00:56
832e179a-dc94-491c-9caa-1ae19e412bc6,apodous.investments,available,6.98,166.98,medium,low,7,namecheap,,,06/08/2026 01:21
b302aca4-2448-4744-96ff-24b8813b5a06,alva.investments,available,6.41,103.7,high,low,4,spaceship,,,29/09/2026 15:31
569d623a-d107-4ca3-806f-e412ea4bc22a,reduction.investments,available,12.99,129.99,high,low,9,namesilo,,,29/09/2026 07:57
54cffc36-4ba8-4ace-990c-d76c538fe276,curium.investments,available,12.99,129.99,medium,low,6,namesilo,,,21/09/2026 00:13
ac672ef0-8796-4ce4-aab8-fe4e35fd8d08,eliminate.investments,available,100.2,100.2,high,low,9,cloudflare,,,30/09/2026 15:03
cab18460-a33d-44b5-aa09-5b0373cf050f,lyrics.investments,available,14.99,,high,low,6,name.com,,,
fc18fa33-83fc-45b8-a90f-7b56d22047d3,pei.investments,available,8.24,103.5,medium,low,3,porkbun,,,28/09/2026 14:30
5880b90b-4000-4f8b-bb2d-56df10938c79,valorous.investments,available,6.98,166.98,medium,low,8,namecheap,,,13/09/2026 00:57
4b285bb2-c87a-4678-99f4-99d447832ad5,palmer.investments,available,12.99,129.99,high,low,6,namesilo,,,20/09/2026 08:18
6cc984d7-63a0-4ec4-989c-2084b63d6cd0,horrid.investments,available,6.98,166.98,medium,low,6,namecheap,,,21/08/2026 08:14
f8ec311c-ced8-4db2-8f60-0b9f6a22828e,lachrymal.investments,available,6.98,166.98,medium,low,9,namecheap,,,22/08/2026 17:59
406ba379-f70e-4b85-ae34-7f4e98e9d02f,pulaski.investments,available,6.41,103.7,medium,low,7,spaceship,,,28/09/2026 07:23
dec4f56c-d3ce-453c-81ec-7143b14fc3d4,invigorate.investments,available,12.99,129.99,high,low,10,namesilo,,,22/09/2026 04:52
427809fb-9b38-4baa-a353-eb2bb7894688,eats.investments,available,12.99,129.99,high,low,4,namesilo,,,24/09/2026 14:57
0f2a54c7-068f-40b9-863d-02023ef73c9d,overs.investments,available,12.99,129.99,medium,low,5,namesilo,,,20/09/2026 10:07
8aec16c1-f608-4786-b787-ec3d7a36f5e4,fudge.investments,available,6.41,103.7,high,low,5,spaceship,,,30/09/2026 09:49
bb0415c8-8013-48e0-84ba-f90b9e758809,useable.investments,available,6.98,166.98,medium,low,7,namecheap,,,12/09/2026 23:57
1ae37c57-629c-46e3-aee3-904616d37bb5,dat.investments,available,12,,high,low,3,unstoppable,,,01/10/2026 19:11
da29d1d2-fe90-4c4a-b749-aaeed09d5862,acerola.investments,available,14.99,170.99,medium,low,7,name.com,,,16/09/2026 23:42
df2757bf-86eb-46af-a39a-f4978ec3002c,guests.investments,available,12.99,129.99,medium,low,6,namesilo,,,25/09/2026 17:02
2d9f7f2b-5b7a-43bf-832a-455bf0d56716,ariana.investments,available,12.99,129.99,high,low,6,namesilo,,,20/09/2026 05:10
1e2ff44a-14d7-4166-b753-ef3e26c3ee7a,chummy.investments,available,6.98,166.98,high,low,6,namecheap,,,11/08/2026 07:44
92d9dde1-cb2e-4d87-b6fb-639cbf02087e,castles.investments,available,12,,medium,low,7,unstoppable,,,30/09/2026 15:30
5aa464d6-830f-493e-8c19-85cdaebbb8c1,bottled.investments,available,12,,medium,low,7,unstoppable,,,29/09/2026 03:12
04025319-35d2-4a27-82de-3d98f5450e5c,treasonous.investments,available,6.98,166.98,medium,low,10,namecheap,,,17/08/2026 21:20
e5999d96-1b3b-476f-a1a6-e28bc96f875f,ritually.investments,available,6.98,166.98,medium,low,8,namecheap,,,15/09/2026 23:55
d28cea69-f244-4ff5-8f1e-a58768ddfa25,shuts.investments,available,100.2,100.2,low,low,5,cloudflare,,,02/10/2026 13:52
39fca9f5-b8ec-47f5-938b-a64878b2ac97,dipping.investments,available,6.41,103.7,high,low,7,spaceship,,,30/09/2026 14:42
8e07f8cc-489b-4a22-894d-b0144b356717,acapnia.investments,available,6.98,166.98,medium,low,7,namecheap,,,16/09/2026 21:08
ee5d9938-c6be-475b-9b1a-6e60046fed4e,christlike.investments,available,6.98,166.98,high,low,10,namecheap,,,12/08/2026 07:19
15692577-54c7-4615-9d22-a9985d1dbe99,absence.investments,available,12.99,129.99,medium,low,7,namesilo,,,28/09/2026 17:04
592b02c3-0809-4fd1-9f2a-cb857c1a65a5,banding.investments,available,12.99,129.99,high,low,7,namesilo,,,22/09/2026 01:17
c3e34f6c-74c8-4ae9-bff6-e661be78c3bc,grouch.investments,available,6.98,166.98,medium,low,6,namecheap,,,13/08/2026 04:56
f2f7ede8-e924-4e6f-aebe-3cc5484e0958,rheumatism.investments,available,12.99,129.99,medium,low,10,namesilo,,,21/09/2026 00:56
1a8a614f-5ac5-4865-8d71-de86fdbe6d6b,fodder.investments,available,14.99,170.99,medium,low,6,name.com,,,24/09/2026 12:05
2b455ca1-f85c-4e80-acb0-6c2b3b16a9ac,heavy.investments,available,12.99,129.99,high,low,5,namesilo,,,22/09/2026 07:40
93db3695-f730-4a95-8b0a-930fdb603f6e,programmer.investments,available,12.99,129.99,high,low,10,namesilo,,,29/09/2026 06:24
7bbdb0c9-15fc-4f50-8857-6dea60bb2012,graduating.investments,available,12.99,129.99,low,low,10,namesilo,,,28/09/2026 12:36
b870023a-f3af-423a-981e-4dc0d7f678f5,gaa.investments,available,6.98,166.98,high,low,3,namecheap,,,29/09/2026 08:40
937b62d1-c09f-4776-a04a-493b2514a8b7,natalia.investments,available,6.41,103.7,medium,low,7,spaceship,,,29/09/2026 04:04
ef06375e-d955-4d73-9bf5-726c64b0f351,romp.investments,available,6.98,166.98,high,low,4,namecheap,,,09/09/2026 19:26
81334e57-29e6-48a3-934a-7e171798a9af,mushy.investments,available,6.98,166.98,medium,low,5,namecheap,,,09/08/2026 00:58
6cc7e2ee-7b55-42df-b398-f6123b8867db,armadillo.investments,available,12.99,129.99,high,low,9,namesilo,,,20/09/2026 06:27
bd552c80-0227-415a-871c-4d26b883470b,dogfish.investments,available,6.98,166.98,high,low,7,namecheap,,,18/09/2026 21:24
8b4e5290-482d-4c20-953e-9498d39e44f3,valerie.investments,available,12.99,129.99,high,low,7,namesilo,,,26/09/2026 03:44
2d8c98a9-42fd-4d5c-b7b0-1cfde1bac062,casanova.investments,available,6.41,103.7,high,low,8,spaceship,,,02/10/2026 04:18
25517789-989e-438b-b55d-722a6a275f3e,prate.investments,available,12.99,129.99,medium,low,5,namesilo,,,23/09/2026 23:29
d354ccf2-ce71-4097-853d-dd713bdf28dc,postpone.investments,available,8.24,103.5,high,low,8,porkbun,,,29/09/2026 08:12
00e6a563-679e-461a-924d-29ee759022f1,selfmade.investments,available,6.98,166.98,high,low,9,namecheap,,,10/09/2026 02:03
fb6ef982-c232-41ac-a5a6-ec557529f337,barony.investments,available,12.99,129.99,medium,low,6,namesilo,,,22/09/2026 07:36
ffe3763d-553d-4567-ab23-d7725981a068,flourishing.investments,available,12,,high,low,11,unstoppable,,,01/10/2026 22:26
1103b45c-cbe1-4a80-bca6-6ab6a3f37760,concerts.investments,available,12.99,129.99,high,low,8,namesilo,,,20/09/2026 13:34
454902cd-b3be-4dc2-b937-7cfaadc51ecc,misfortune.investments,available,6.98,166.98,medium,low,10,namecheap,,,21/09/2026 16:43
487fa1f4-2381-4f58-992c-5ebd2ed4a10b,secretly.investments,available,6.98,166.98,medium,low,8,namecheap,,,15/09/2026 06:37
ad5022e1-993a-4c0b-bd61-7c5433ea5333,eloise.investments,available,12.99,129.99,high,low,6,namesilo,,,01/10/2026 08:50
a0e0a895-e370-42cc-9e8b-3a0b78062199,poet.investments,available,6.98,166.98,high,low,4,namecheap,,,27/09/2026 05:01
2173b581-5ab0-4f6c-93b4-129a36e6d9b7,greig.investments,available,8.24,103.5,medium,low,5,porkbun,,,02/10/2026 20:02
530f61b4-8c35-43de-9069-a1fab4992d19,joliet.investments,available,12.99,129.99,medium,low,6,namesilo,,,29/09/2026 01:26
1ba50a9d-71fd-4737-b1d4-9c09a7d98eff,stippled.investments,available,6.98,166.98,medium,low,8,namecheap,,,14/08/2026 16:36
b721e0b2-04d9-4acb-9db2-30f49a3c6876,aberrant.investments,available,6.98,166.98,high,low,8,namecheap,,,
fb1fef07-ade7-48e7-bca0-f032861ffb2e,diametric.investments,available,6.98,166.98,medium,low,9,namecheap,,,14/08/2026 05:56
48a598f0-065a-47c1-8d60-4a314b141282,arrears.investments,available,12.99,129.99,high,low,7,namesilo,,,20/09/2026 08:55
d321597a-4756-4d25-b137-5240d4c7882d,merchants.investments,available,12.99,129.99,high,low,9,namesilo,,,18/09/2026 04:36
c534718d-7a4b-4f19-8e05-29a061d3f411,taiwanese.investments,premium,242,242,high,low,9,namesilo,,,18/08/2026 12:14
1ed98e11-0f56-4490-928c-79d5349e2595,inappropriate.investments,available,12.99,129.99,medium,low,13,namesilo,,,27/09/2026 16:59
0f2c00e2-4ca5-402c-b2fd-f11c815c07b3,exits.investments,available,12.99,129.99,medium,low,5,namesilo,,,28/09/2026 17:05
38119fce-1986-4653-926f-44482e6da3e3,innovation.investments,premium,242,242,high,medium,10,namesilo,,,02/10/2026 10:34
510c3a80-e84c-4a0c-993d-4c1f1aa523c2,sham.investments,available,6.98,166.98,medium,low,4,namecheap,,,07/08/2026 08:06
60c19ecf-e057-4da3-a1a2-11c3feaa5830,panels.investments,available,12.99,129.99,medium,low,6,namesilo,,,19/09/2026 23:14
c10393db-f4ef-4c44-9914-f2a7530ab302,dmitry.investments,available,12.99,129.99,high,low,6,namesilo,,,29/09/2026 15:33
fca81bb3-917b-4538-80cc-6e4d9db2e892,thorough.investments,available,6.98,166.98,high,low,8,namecheap,,,17/08/2026 17:10
1d08cd66-733f-415e-becf-24cba6f6244b,timothy.investments,available,6.41,103.7,high,low,7,spaceship,,,01/10/2026 02:30
b8e28433-d0c7-4c74-9c19-30d716644121,hebrew.investments,available,6.98,166.98,high,low,6,namecheap,,,21/08/2026 05:43
d4c772d3-7b4e-4ea9-aaed-41edfcad854a,terrain.investments,available,100.2,100.2,high,low,7,cloudflare,,,28/09/2026 20:36
2f1a1cd9-379c-4f37-b302-6a0ff76a35d0,wire.investments,available,12.99,129.99,high,low,4,namesilo,,,29/09/2026 05:42
f5bd3448-de82-42ef-9845-c3bd92efe39f,stimulation.investments,available,6.41,103.7,high,low,11,spaceship,,,29/09/2026 04:53
fab7a369-5752-4e67-8445-309af01dfe40,connectors.investments,available,12,,medium,low,10,unstoppable,,,28/09/2026 05:16
aea878fc-bca4-434b-9777-822b21b1ea13,juridical.investments,available,6.98,166.98,medium,low,9,namecheap,,,22/08/2026 14:40
dfeacfac-4bec-4d6a-b701-d712d9900fb2,esthetics.investments,available,12.99,129.99,high,low,9,namesilo,,,17/09/2026 13:38
7b0c3ba3-6cbb-421e-aa99-841854d3d484,filters.investments,available,12.99,129.99,medium,low,7,namesilo,,,30/09/2026 15:03
2141546a-aa3e-4713-b72b-9c1a964d205f,unite.investments,available,12.99,129.99,high,low,5,namesilo,,,24/09/2026 16:23
9f15a4a9-a0ac-4780-a895-12e43f337856,vir.investments,available,12,,medium,low,3,unstoppable,,,29/09/2026 23:48
1ee1d8bf-f30c-4ef3-a343-d37ecb85c672,carryforward.investments,available,12.99,129.99,medium,low,13,namesilo,,,16/09/2026 06:47
2d8b7256-4b0f-4500-9b40-c70a953e3733,salacious.investments,available,6.98,166.98,medium,low,9,namecheap,,,23/08/2026 00:40
c85fbc22-2ad8-405c-9155-08c224aaec35,ochre.investments,available,6.98,166.98,high,low,5,namecheap,,,04/09/2026 00:33
a675d2fe-3e41-4a84-8bb4-b5ecad2eb9b5,aloe.investments,available,12.99,129.99,high,low,4,namesilo,,,18/09/2026 12:59
446b854b-2fdf-4fe6-97a0-19b9884e0653,limitations.investments,available,12.99,129.99,medium,low,11,namesilo,,,29/09/2026 10:21
a82dcb3b-fae4-413e-a512-266cd3634605,delphian.investments,available,6.98,166.98,medium,low,8,namecheap,,,14/08/2026 00:48
f02264f9-4c6f-4ccd-882f-267e5bf7cb74,archaeology.investments,available,100.2,100.2,high,low,11,cloudflare,,,29/09/2026 22:59
b7cb59b6-b784-472c-9e4d-e6ffa62b0680,activate.investments,available,12.99,129.99,high,low,8,namesilo,,,28/09/2026 06:46
f011373a-2f49-4ce1-af71-45ad7652e779,flor.investments,available,14.99,,high,low,4,name.com,,,
0ac5938f-04ac-43bd-9ddb-2d13a05e3133,safer.investments,available,12.99,129.99,high,low,5,namesilo,,,27/09/2026 03:09
3bda2d05-b21e-4c77-8c30-5eb70f7004b8,deprived.investments,available,6.98,166.98,medium,low,8,namecheap,,,14/08/2026 02:45
dff3f706-7e16-433e-be45-fd6ded9f6d79,sly.investments,available,12.99,129.99,high,low,3,namesilo,,,24/09/2026 01:29
6e638df1-f6b9-4c44-bfdc-4621dcd9989a,mahoning.investments,available,6.41,103.7,medium,low,8,spaceship,,,02/10/2026 01:03
5a9c5eec-7a36-4186-a530-6e7da0f06236,denied.investments,available,6.98,166.98,low,low,6,namecheap,,,27/09/2026 02:21
740a61f3-92b3-4193-94a0-cfe38a92d7a4,keyboard.investments,available,8.24,107.22,high,low,8,dynadot,,,28/09/2026 19:38
50865fc8-7df9-45e1-a7e5-eb078352dfea,easier.investments,available,12.99,129.99,high,low,6,namesilo,,,27/09/2026 09:58
d198bf44-318c-460f-ad44-bec9125c599b,posters.investments,available,14.99,,medium,low,7,name.com,,,
401a0067-5b99-434d-895d-e20d5cf3a972,pitted.investments,available,6.98,166.98,medium,low,6,namecheap,,,
3447be93-9287-47b1-b38a-4c4595b5cef2,jubilee.investments,available,8.24,103.5,high,low,7,porkbun,,,30/09/2026 17:45
6ca3b814-4b25-4196-9e32-dd4fcc407660,lgbtq.investments,available,12,,high,low,5,unstoppable,,,02/10/2026 04:03
9aa8769c-c451-4eb7-8b19-2e0f7432a4e1,neutrophils.investments,available,100.2,100.2,medium,low,11,cloudflare,,,30/09/2026 14:46
72ab635c-44a9-4f05-990d-1027b48d52f2,countryside.investments,available,6.41,103.7,high,low,11,spaceship,,,28/09/2026 15:50
c985091c-e4b9-44f9-8a64-4693025bad6c,traveler.investments,available,12.99,129.99,high,low,8,namesilo,,,30/09/2026 13:52
56612be7-a0ed-438d-ae8c-4eba77d63e68,keegan.investments,available,12.99,129.99,medium,low,6,namesilo,,,30/09/2026 00:49
b348f096-d934-40ca-8abd-85458bad85fc,stadium.investments,available,6.41,103.7,high,low,7,spaceship,,,28/09/2026 03:07
7d5aca3f-ded3-442e-958e-226cf13daf39,montaigne.investments,available,6.41,103.7,high,low,9,spaceship,,,30/09/2026 18:02
be8fc85e-80c2-4346-a5b6-19c0f7e85aa9,tinea.investments,available,12,,medium,low,5,unstoppable,,,02/10/2026 15:29
2fee4269-bef4-4481-8255-bfd8136950a8,ben.investments,premium,242,242,high,medium,3,namesilo,,,29/09/2026 02:04
8d2eac9a-4c96-4355-8495-5096b5d8437c,matty.investments,available,12.99,129.99,medium,low,5,namesilo,,,01/10/2026 23:18
f3f0253d-0165-4f3f-b049-3ca448e58612,backer.investments,available,6.98,166.98,high,low,6,namecheap,,,21/09/2026 15:26
e8c5153b-8241-459a-a09b-f920eeba3241,examination.investments,available,8.24,107.22,high,low,11,dynadot,,,27/09/2026 21:26
097e2155-40d4-4d6d-b033-3a58943b1c3c,throng.investments,available,6.98,166.98,high,low,6,namecheap,,,24/09/2026 17:08
63278527-c72b-4e77-b91d-3a21c422bda1,aniseed.investments,available,12.99,129.99,high,low,7,namesilo,,,19/09/2026 09:27
bb35dea2-a3d2-43a7-bff5-9c0f1a8c6864,metier.investments,available,6.98,166.98,high,low,6,namecheap,,,18/08/2026 12:29
aff88bb8-8a46-4bcd-8eb3-dd8508972d01,starts.investments,available,14.99,,medium,low,6,name.com,,,
36e024b8-d467-4613-91e9-b28e1bb7ca22,kilmarnock.investments,available,8.24,107.22,high,low,10,dynadot,,,01/10/2026 07:24
c30e51af-a8e5-446f-a062-b125e777fabb,meriwether.investments,available,6.41,103.7,medium,low,10,spaceship,,,02/10/2026 20:40
0c930287-e402-40c8-9291-f81f17fa267e,colette.investments,available,6.41,103.7,high,low,7,spaceship,,,30/09/2026 09:13
b4efe855-df6d-499f-affe-11339b106596,tracks.investments,available,14.99,170.99,high,low,6,name.com,,,17/09/2026 16:05
33b2f157-a4d6-4f09-bdd4-7765677dec39,liberal.investments,available,6.98,166.98,high,low,7,namecheap,,,09/08/2026 20:57
4d4104d9-71ba-4410-b623-4af0fd815779,honeymoons.investments,available,12.99,129.99,medium,low,10,namesilo,,,20/09/2026 01:32
af139e29-9ba6-4d2e-8491-c2ea17131631,ono.investments,available,12.99,129.99,high,low,3,namesilo,,,03/10/2026 01:42
c0ee393f-e673-42af-b104-cf33ead144c3,petrarch.investments,available,6.41,103.7,medium,low,8,spaceship,,,01/10/2026 02:14
a7c61b16-d043-4f72-aa6a-319efbfa5b98,massachusetts.investments,available,8.24,103.5,medium,low,13,porkbun,,,28/09/2026 11:48
c6d44e97-1665-474b-aed2-0c5749520d0e,parish.investments,available,12,,medium,low,6,unstoppable,,,28/09/2026 20:07
23d6efa3-e707-474a-80bc-329ac74c3f87,declension.investments,available,6.98,166.98,medium,low,10,namecheap,,,13/09/2026 13:21
7a067ee1-e953-427c-9728-29a791f04aa3,erasable.investments,available,6.98,166.98,medium,low,8,namecheap,,,15/08/2026 14:16
fc04a4af-9707-4991-9515-b37489d7d7a0,translunar.investments,available,6.98,166.98,medium,low,10,namecheap,,,11/09/2026 02:19
046190cf-3b38-4036-a218-a71d46ad2060,antimatter.investments,available,12.99,129.99,high,low,10,namesilo,,,19/09/2026 14:40
794e5fcd-a316-45d8-a2b7-17aac71063d7,modesty.investments,available,6.98,166.98,high,low,7,namecheap,,,30/09/2026 04:51
c40c0280-25b5-4d81-a14d-98d8c035f3d8,alexey.investments,available,6.41,103.7,high,low,6,spaceship,,,02/10/2026 21:00
61dcb797-29a2-48b1-9bf0-9fd819a4c2f6,hungry.investments,available,12.99,129.99,high,low,6,namesilo,,,25/09/2026 06:41
93953beb-de5a-4c3f-bcc6-5c4f156c283f,balas.investments,available,6.98,166.98,medium,low,5,namecheap,,,21/09/2026 21:07
b1f5db29-cec7-4f0b-933c-be3da0218bb3,mannheim.investments,available,100.2,100.2,high,low,8,cloudflare,,,28/09/2026 10:19
d7a382a8-1a42-4501-a3e4-9ae77e081401,uncolored.investments,available,6.98,166.98,medium,low,9,namecheap,,,12/09/2026 02:06
ed7461f9-c76f-48aa-9d57-42872ed8dd5d,chipping.investments,available,12.99,129.99,medium,low,8,namesilo,,,03/10/2026 00:02
598dd85b-9e26-4628-9808-6c7f75d35ba0,hazleton.investments,available,100.2,100.2,medium,low,8,cloudflare,,,03/10/2026 04:29
dc2c9901-3847-457f-a10a-4ceb55656fec,pbs.investments,available,12.99,129.99,high,low,3,namesilo,,,25/09/2026 09:49
d81fcab6-d7fb-4656-b79e-6ebcf8ce64f0,whipple.investments,available,8.24,103.5,medium,low,7,porkbun,,,28/09/2026 16:10
70f450e8-613e-4d99-8ff3-90d215a45c01,alkahest.investments,available,12.99,129.99,medium,low,8,namesilo,,,18/09/2026 03:42
70f361e1-19ea-4f2f-b505-cc86a6dc0440,intolerable.investments,available,12.99,129.99,medium,low,11,namesilo,,,30/09/2026 11:56
e3895089-7c9c-4dc9-9145-74e2eff7e350,answer.investments,available,6.41,103.7,high,low,6,spaceship,,,28/09/2026 21:32
57cf8c94-b7f8-48ba-a166-1740a9dfad1e,coowner.investments,available,6.41,103.7,medium,low,8,spaceship,,,01/10/2026 15:31
4e60069a-7181-4bf1-ae03-8fe39f73b184,terracotta.investments,available,12.99,129.99,high,low,11,namesilo,,,17/09/2026 09:12
31395c9a-499b-4750-994e-9c235f829744,aberration.investments,available,12.99,129.99,medium,low,10,namesilo,,,16/09/2026 15:14
f57951f1-d668-45de-9f22-c628373726cf,jeddah.investments,available,12.99,129.99,high,low,6,namesilo,,,02/10/2026 05:29
de49b9aa-2847-43ad-b539-74c5d33f34e8,perinatal.investments,available,6.98,166.98,medium,low,9,namecheap,,,08/09/2026 17:07
485ce958-05d9-4151-a430-a85d13c48cdd,nigerian.investments,premium,242,242,high,low,8,namesilo,,,03/09/2026 17:12
89674c42-6523-45a4-997e-ae62e375acdd,meadows.investments,available,100.2,100.2,medium,low,7,cloudflare,,,29/09/2026 11:15
d2275768-f4ea-43f1-a360-0cc45642daa1,disclosure.investments,available,6.41,103.7,high,low,10,spaceship,,,27/09/2026 13:47
dbf1199d-463d-4546-af9e-b96d3cf1decd,addend.investments,available,12.99,129.99,medium,low,6,namesilo,,,17/09/2026 06:41
1c7f4bc8-af39-4a0c-b99e-61852f0f347d,dud.investments,available,6.98,166.98,high,low,3,namecheap,,,14/08/2026 20:55
c6fe7c42-14e4-4335-bb63-2c230480be6d,biweekly.investments,available,6.98,166.98,high,low,8,namecheap,,,10/08/2026 09:30
7342fa3c-0b57-4d17-9e64-11649c4cee9c,areopagus.investments,available,12.99,129.99,medium,low,9,namesilo,,,20/09/2026 03:52
6df465c0-4078-4bea-8205-435d8b9659d4,transport.investments,available,100.2,100.2,high,low,9,cloudflare,,,02/10/2026 11:57
5b633a8c-4850-4632-86a9-2e1848b468d2,submit.investments,available,100.2,100.2,high,low,6,cloudflare,,,27/09/2026 16:26
9d009574-7dad-4691-9c79-737f2013a4c0,jones.investments,available,12.99,129.99,high,low,5,namesilo,,,25/09/2026 00:23
25bcf01d-9519-4bc4-b09b-b1049e9d10e4,louie.investments,available,100.2,100.2,high,low,5,cloudflare,,,28/09/2026 11:43
9bf48ce5-991d-4136-ace5-d85afc6e2f3b,teaching.investments,available,6.41,103.7,high,low,8,spaceship,,,01/10/2026 22:16
b0da71eb-a19e-4041-a6ce-55ff5547ef39,jacobus.investments,available,6.41,103.7,high,low,7,spaceship,,,30/09/2026 03:48
1ee94e1e-3a6f-4583-8ed2-79edf3ec63ab,usernames.investments,available,6.98,166.98,medium,low,9,namecheap,,,20/09/2026 06:18
7ceeebd1-4e14-48b7-9ab9-48785fa27bbd,practitioners.investments,available,12.99,129.99,medium,low,13,namesilo,,,20/09/2026 23:01
755f753f-41ed-4a66-a63c-99dd2fb9f37f,prop.investments,available,12.99,129.99,high,low,4,namesilo,,,17/09/2026 23:19
0e0794cb-0d55-4d7a-9ad9-335607681d32,panes.investments,available,12.99,129.99,medium,low,5,namesilo,,,02/10/2026 06:56
3e292509-3ee5-40bc-b6ca-d346759701e5,peloponnese.investments,available,12,,medium,low,11,unstoppable,,,02/10/2026 19:16
3c1d2bcb-396c-4473-9141-6afe91b128af,dance.investments,available,6.98,166.98,high,low,5,namecheap,,,24/09/2026 20:57
62c790f9-2bff-46a5-9b46-c9e2a47f3071,empiric.investments,available,6.98,166.98,medium,low,7,namecheap,,,16/08/2026 18:19
2e08fcb1-e57d-439d-98b1-e4c82cb2c94c,alcott.investments,available,6.98,166.98,high,low,6,namecheap,,,18/09/2026 04:10
e2430639-6355-4b51-8d93-9d694d7cf4ea,quote.investments,available,6.41,103.7,high,low,5,spaceship,,,30/09/2026 00:19
6a90441f-db94-468f-9ceb-2d3f94027d1e,stabilizer.investments,available,8.24,107.22,high,low,10,dynadot,,,03/10/2026 02:10
93856dbf-d6fe-4e9f-8fb5-331cb48088ec,voltage.investments,available,8.24,107.22,high,low,7,dynadot,,,29/09/2026 00:46
93f204c6-628c-49fb-a1fd-7d0fd36eeb8b,bertie.investments,available,12.99,129.99,medium,low,6,namesilo,,,28/09/2026 16:25
03149fcd-96ca-4bda-b9f4-dd13d208c345,camomile.investments,available,12.99,129.99,medium,low,8,namesilo,,,19/09/2026 13:02
96baa8b7-25ac-46ee-ac24-a784dc8a58ef,pocatello.investments,available,6.98,166.98,medium,low,9,namecheap,,,03/10/2026 01:48
6bb0f0fa-659d-463e-8395-092251d35e8e,heath.investments,available,12,,high,low,5,unstoppable,,,30/09/2026 17:33
d2004620-67c2-489e-bc3a-d6154ac275dc,arcsec.investments,available,12.99,129.99,medium,low,6,namesilo,,,20/09/2026 01:25
b082255c-af75-48da-82e7-bb192974c8b2,architrave.investments,available,14.99,170.99,medium,low,10,name.com,,,20/09/2026 02:17
a112b90f-a2cc-441e-947e-d7f344ad56d7,birth.investments,available,6.41,103.7,high,low,5,spaceship,,,29/09/2026 02:50
ab8938f8-c92d-4c2a-bb71-5343b0291888,sani.investments,available,6.98,166.98,medium,low,4,namecheap,,,03/10/2026 05:18
e762c78d-d8ea-483e-b2a3-32d218a7d2c1,elisabeth.investments,available,12.99,129.99,high,low,9,namesilo,,,25/09/2026 14:58
4e88e7f1-4c07-4c3e-be4f-78f87875fe3d,separated.investments,available,12.99,129.99,medium,low,9,namesilo,,,19/09/2026 04:08
78f077ab-07c0-4ec6-8f19-97df93d12953,transmit.investments,available,6.41,103.7,high,low,8,spaceship,,,29/09/2026 04:29
2b98781a-b139-4d7c-835f-c6c40478127c,ashore.investments,available,6.98,166.98,medium,low,6,namecheap,,,13/09/2026 22:07
b64f7f0f-9db6-4a6f-8be2-fb847a609766,untanned.investments,available,6.98,166.98,medium,low,8,namecheap,,,12/09/2026 21:00
b5b7db5d-3d60-40cb-832d-fc5238a80921,eccles.investments,available,8.24,107.22,medium,low,6,dynadot,,,29/09/2026 06:42
c503c40f-9cce-4007-aaf6-6fac0c90c20c,lichtenstein.investments,available,6.41,103.7,medium,low,12,spaceship,,,30/09/2026 13:33
00338b89-d34f-4ff1-8d9f-2827a0cd7102,occidental.investments,available,6.98,166.98,medium,low,10,namecheap,,,21/08/2026 07:25
b8c02872-0acb-4bc4-b4dd-7b516d330c29,starved.investments,available,6.98,166.98,medium,low,7,namecheap,,,17/08/2026 13:45
f532b9cd-ff93-481d-bdf1-9ba73d67cc96,paste.investments,available,12,,high,low,5,unstoppable,,,29/09/2026 20:56
4b67c4e4-90b7-4b15-b0ec-38a6862479ab,tia.investments,available,6.41,103.7,high,low,3,spaceship,,,29/09/2026 20:30
887a68d6-7381-4c53-81c1-59eb075f0fd3,kaye.investments,available,12.99,129.99,high,low,4,namesilo,,,28/09/2026 04:47
e4b1ada8-583a-461a-8639-b88ba495224e,rusted.investments,available,6.98,166.98,medium,low,6,namecheap,,,09/09/2026 20:17
04ea0053-3db5-42f5-beeb-ac826971e46b,harm.investments,available,6.98,166.98,high,low,4,namecheap,,,08/09/2026 07:44
8e8c9218-6e7c-4173-b0cd-2b0291f42912,breeze.investments,available,12,,high,low,6,unstoppable,,,28/09/2026 09:12
fe8677ce-5f6b-478f-b353-116a972cc59e,ashley.investments,available,6.98,166.98,high,low,6,namecheap,,,25/09/2026 17:12
23a70916-f670-4305-be35-a999bb864790,engulf.investments,available,6.98,166.98,medium,low,6,namecheap,,,10/09/2026 19:51
62494af7-f9d7-4676-b17d-55409928d103,mexicana.investments,available,12.99,129.99,high,low,8,namesilo,,,29/09/2026 09:18
1d1a89c2-6e8a-4b93-bd82-6abde2a29e77,resist.investments,available,12.99,129.99,high,low,6,namesilo,,,21/09/2026 22:09
a28f0f83-6e0d-4339-9c70-5d4a320a9c82,dday.investments,available,12.99,129.99,high,low,5,namesilo,,,16/09/2026 12:39
0b4191bb-6830-4db0-9f78-334d66a50fb7,bergson.investments,available,12.99,129.99,medium,low,7,namesilo,,,23/09/2026 09:22
81e4c9e7-a82d-4a8e-8076-d6c9610fcac1,verbal.investments,available,6.41,103.7,high,low,6,spaceship,,,28/09/2026 10:13
8fc1cebc-8a9d-4437-aa4a-96890e238410,apiary.investments,available,12.99,129.99,high,low,6,namesilo,,,19/09/2026 17:20
c1734cf7-d83f-4461-9922-1a8bf2818586,bruckner.investments,available,6.98,166.98,medium,low,8,namecheap,,,19/09/2026 15:26
3ad8cbef-49ab-4c69-96b8-c7c93ffce022,apostrophe.investments,available,6.98,166.98,high,low,10,namecheap,,,19/09/2026 19:30
ad0ae087-b1f2-487f-a968-1b1a4831b5a7,huddle.investments,available,100.2,100.2,high,low,6,cloudflare,,,02/10/2026 05:22
d098e41a-dea6-462b-abdb-486c344fd065,described.investments,available,12.99,129.99,high,low,9,namesilo,,,24/09/2026 06:37
b3114586-00d5-4b73-b357-8ca56b37e39e,governments.investments,available,12.99,129.99,low,low,11,namesilo,,,28/09/2026 23:34
e6b2bacd-35be-4e85-ada9-d1268d6de9fb,untried.investments,available,6.98,166.98,medium,low,7,namecheap,,,12/09/2026 21:15
bf048bec-20a5-4adf-8d04-f8df9170a3b7,rhomboid.investments,available,6.98,166.98,medium,low,8,namecheap,,,09/09/2026 16:47
4b6d27da-cb50-4e21-8f07-0401c9bff325,daft.investments,available,6.98,166.98,high,low,4,namecheap,,,06/08/2026 20:50
5657f1fb-4bec-4d15-a66c-7af9813bcada,however.investments,available,12,,medium,low,7,unstoppable,,,28/09/2026 11:49
a3d1dbba-0003-4e4a-b29b-d91144660197,peas.investments,available,12.99,129.99,medium,low,4,namesilo,,,18/09/2026 10:13
5aa292e7-c87b-436b-8f8d-d600b213f1b5,rejects.investments,available,6.41,103.7,low,low,7,spaceship,,,29/09/2026 17:37
39529026-f55b-493f-8a88-7bf90061b434,gwendolyn.investments,available,12.99,129.99,high,low,9,namesilo,,,02/10/2026 09:06
75bfba22-31c8-4c90-8f55-90daf5eaf7b4,superstition.investments,available,12,,medium,low,12,unstoppable,,,30/09/2026 14:14
039af1f0-e80c-45db-a912-b24ba31b44ca,boulogne.investments,available,100.2,100.2,medium,low,8,cloudflare,,,29/09/2026 09:58
7d3bf533-0067-43bc-aa09-2624bd564858,overlooking.investments,available,12.99,129.99,medium,low,11,namesilo,,,30/09/2026 00:35
843e342b-01a1-49c2-bc49-40181deb4433,nwo.investments,available,12.99,129.99,high,low,3,namesilo,,,02/10/2026 13:41
611566f2-989e-4919-879f-bf82b42220a5,administrator.investments,available,12,,high,low,13,unstoppable,,,29/09/2026 14:19
bf12aa6b-2cbb-494d-83d4-c1c8dd4ac0f9,acervulus.investments,available,12.99,129.99,medium,low,9,namesilo,,,16/09/2026 23:44
27199e56-27be-42e0-a7ef-703235741637,afm.investments,available,12.99,129.99,high,low,3,namesilo,,,01/10/2026 00:52
4865bb41-4dd9-4954-9d84-71af4db5b575,sitcom.investments,available,12.99,129.99,high,low,6,namesilo,,,01/10/2026 21:43
fdfed17e-30b3-4e8f-9e0d-fb242765f672,sergey.investments,available,8.24,107.22,medium,low,6,dynadot,,,29/09/2026 04:18
509a9643-6f2c-4477-94cb-ce923aadea85,charisma.investments,available,12,,high,low,8,unstoppable,,,01/10/2026 01:20
cbd021ec-3cb5-4e8d-ab44-a2312d5107d6,saga.investments,available,12.99,129.99,high,medium,4,namesilo,,,30/09/2026 02:45
39bb61d7-19ea-4867-9a9f-2aeec57ef78c,invited.investments,available,12.99,129.99,high,low,7,namesilo,,,25/09/2026 11:51
12e3b1bf-843b-4668-980b-c36d96317178,caption.investments,available,12.99,129.99,high,low,7,namesilo,,,24/09/2026 12:41
a72d05c7-ac84-4204-9c30-b7a91d90e3be,muttering.investments,available,6.98,166.98,medium,low,9,namecheap,,,03/09/2026 11:14
5e0484aa-9143-462e-a364-fd5dc51cff04,superfine.investments,available,6.98,166.98,high,low,9,namecheap,,,04/09/2026 21:37
21709154-8895-4ee4-a2f2-497e26d8b5d4,creatures.investments,available,12.99,129.99,medium,low,9,namesilo,,,27/09/2026 03:06
b666dadd-2c21-49c9-bee7-d5a1b49e0018,enlighten.investments,available,6.41,103.7,high,low,9,spaceship,,,30/09/2026 18:09
cf6c9278-8590-4fe5-895e-1da91178ad84,dense.investments,available,6.98,166.98,high,low,5,namecheap,,,08/09/2026 15:39
134330c2-c5f3-4dec-94f1-c1f2824eb5c7,tolstoy.investments,available,8.24,103.5,medium,low,7,porkbun,,,01/10/2026 01:34
89698350-95b6-4563-9199-51798f4f91c1,discovers.investments,available,6.41,103.7,low,low,9,spaceship,,,29/09/2026 11:07
b49b2a3a-986c-4974-9d4d-cb07df2ca656,swagman.investments,available,6.98,166.98,medium,low,7,namecheap,,,11/09/2026 05:01
afd32a39-c8b8-4724-b4a8-f1ac7ca59485,defaulted.investments,available,12.99,129.99,medium,low,9,namesilo,,,21/09/2026 07:28
b463c612-9a78-4bc1-be20-6fcd230c32c1,themes.investments,available,100.2,100.2,medium,low,6,cloudflare,,,30/09/2026 06:34
986dd682-7492-486e-8184-be4cdf9a5f06,iata.investments,available,12,,medium,low,4,unstoppable,,,30/09/2026 20:51
349d83e5-6ace-4057-9caf-3d239a5546e3,cvp.investments,available,12.99,129.99,high,low,3,namesilo,,,01/10/2026 23:07
b51c4d53-f344-406c-afb0-012618b33e83,grudging.investments,available,6.98,166.98,medium,low,8,namecheap,,,20/08/2026 20:31
20d1ad26-7950-4a7f-bf02-fce7063e84b4,indicating.investments,available,6.41,103.7,medium,low,10,spaceship,,,29/09/2026 10:48
95fca69c-1d9a-4c2a-859e-66d4d84a49ea,meat.investments,available,6.98,166.98,high,low,4,namecheap,,,14/09/2026 23:51
ddc002f3-b950-4681-a29a-6a8bb06ac630,cigar.investments,available,6.41,103.7,high,low,5,spaceship,,,28/09/2026 01:40
8c8860d1-a4d5-4056-8161-bd564febfec6,unwearable.investments,available,6.98,166.98,medium,low,10,namecheap,,,12/09/2026 22:31
fb361681-3b04-4584-a545-e5543d971e99,waggon.investments,available,6.98,166.98,high,low,6,namecheap,,,22/09/2026 19:02
ae8c2fb7-fb0f-4e3b-9b4c-9c24eb31fdba,hugging.investments,available,6.98,166.98,high,low,7,namecheap,,,24/09/2026 12:55
9b557de1-ae2d-444a-a8c9-c49e0af639c4,greater.investments,available,6.98,166.98,high,low,7,namecheap,,,20/08/2026 19:38
e84df3b5-7314-4374-8a97-1ec71fa8bc7e,unbalanced.investments,available,6.98,166.98,medium,low,10,namecheap,,,11/08/2026 01:50
63d5e576-b832-4ba1-9f71-29676a29e56a,uncultured.investments,available,6.98,166.98,medium,low,10,namecheap,,,12/09/2026 06:38
63fc10d0-f5c7-470a-977e-f539272f4796,amazing.investments,premium,520,520,high,low,7,namecheap,,,22/09/2026 03:51
260820d2-28de-49b9-a0b0-087e93d92a3c,worry.investments,available,12.99,129.99,high,low,5,namesilo,,,29/09/2026 22:21
d77d5668-bd35-40e3-97ce-13a9e9d91cc2,carmine.investments,available,6.98,166.98,high,low,7,namecheap,,,10/08/2026 15:02
c0fd3505-449d-443a-ba65-a465144ee94d,annulet.investments,available,6.98,166.98,medium,low,7,namecheap,,,19/09/2026 10:59
c8058fe4-ecb5-48e4-af12-0004770f6237,frankish.investments,available,6.98,166.98,medium,low,8,namecheap,,,18/08/2026 14:14
ac72ec44-2b74-4a17-b47b-f6843a6f7bb0,sentence.investments,available,8.24,103.5,high,low,8,porkbun,,,30/09/2026 01:02
f6dc0b92-e933-476e-923c-de61b0da0a42,gayly.investments,available,6.98,166.98,medium,low,5,namecheap,,,14/09/2026 00:29
0d6d060d-9871-49a8-aca3-1fff1ea92b38,filmed.investments,available,6.98,166.98,high,low,6,namecheap,,,18/08/2026 04:25
3352554e-aee1-4e60-8e34-687478990c73,caused.investments,available,6.98,166.98,medium,low,6,namecheap,,,25/09/2026 18:57
c60d71a6-6daf-4c87-bdb4-b5c91ebb7abe,dpp.investments,available,6.98,166.98,high,low,3,namecheap,,,01/10/2026 22:43
31fa0507-5473-44b3-be76-f468027031ae,sessile.investments,available,6.98,166.98,medium,low,7,namecheap,,,10/09/2026 04:59
c251220d-6360-44db-bdda-f2214c3d378f,object.investments,available,12.99,129.99,high,low,6,namesilo,,,19/09/2026 05:21
96ba9b31-6dfc-4f02-b335-8f646646ba76,ashby.investments,available,12.99,129.99,medium,low,5,namesilo,,,28/09/2026 16:37
f957c523-85a6-4641-aa48-e9c58ac7f879,escalator.investments,available,12.99,129.99,high,low,9,namesilo,,,02/10/2026 04:44
3fb72649-f949-4184-a10e-c15de25f1e98,aldose.investments,available,12.99,129.99,medium,low,6,namesilo,,,18/09/2026 04:38
eb8910b4-ac94-49b4-8fff-07013a0e18da,wares.investments,available,6.41,103.7,medium,low,5,spaceship,,,30/09/2026 20:59
0d65918c-40d4-43b4-ac8a-e8c88525b4cf,axile.investments,available,6.98,166.98,medium,low,5,namecheap,,,08/08/2026 01:56
11bc8627-6be0-4001-a1ee-7c250779886d,lyric.investments,available,12.99,129.99,high,low,5,namesilo,,,25/09/2026 15:47
d3dc4b50-d6fd-40a7-8dbf-fe95c9b00000,mount.investments,available,12,,high,low,5,unstoppable,,,29/09/2026 10:06
4e2c6c5d-4ce8-4d77-ae2e-8e2bcf18fa7a,therapist.investments,available,8.24,103.5,high,low,9,porkbun,,,28/09/2026 02:06
1c253afa-c14d-4419-a8eb-051b8482240e,terse.investments,available,6.98,166.98,medium,low,5,namecheap,,,22/08/2026 18:16
4abc0f1c-b397-4a69-9fc2-3c6a264d8f50,thighs.investments,available,100.2,100.2,medium,low,6,cloudflare,,,30/09/2026 06:23
2333fcac-6877-4d2f-817d-9835622683ca,faker.investments,available,6.98,166.98,medium,low,5,namecheap,,,09/09/2026 05:01
767d53a5-6b12-4cab-aba1-c92dd434b939,vocal.investments,available,12.99,129.99,high,low,5,namesilo,,,26/09/2026 03:23
a03b207c-e741-4b57-b30a-b0f3b02a35ae,cilicia.investments,available,6.98,166.98,medium,low,7,namecheap,,,30/09/2026 13:19
8ad6603d-6b0e-4ce9-9071-40ac3ff6782e,flinty.investments,available,6.98,166.98,medium,low,6,namecheap,,,18/08/2026 08:18
e95853bc-1210-4c89-a5a4-461577c27557,manufacturers.investments,available,6.41,103.7,medium,low,13,spaceship,,,30/09/2026 15:14
cd7ccc36-aa03-4487-83a5-225c698208c3,beery.investments,available,6.98,166.98,medium,low,5,namecheap,,,09/08/2026 08:12
cdb01329-28a4-4095-b39f-23e15269b5e1,monika.investments,available,6.41,103.7,high,low,6,spaceship,,,03/10/2026 04:59
a3e60910-d8e3-4106-9a9d-ef05092ec00f,recorder.investments,available,6.98,166.98,high,low,8,namecheap,,,28/09/2026 09:46
23902aad-9f2c-4b13-ae03-ba8522775cc5,susan.investments,available,6.98,166.98,high,low,5,namecheap,,,01/10/2026 04:01
18e9a1d1-be02-42c8-9ad4-8751492c29b8,cherbourg.investments,available,6.41,103.7,medium,low,9,spaceship,,,30/09/2026 09:08
44711cbf-8328-4cc7-8eb9-0ae721c31d26,auk.investments,available,6.98,166.98,medium,low,3,namecheap,,,21/09/2026 04:07
17c1e7c1-75e4-4711-97ea-3cd65d27bb67,mash.investments,available,6.41,103.7,high,low,4,spaceship,,,29/09/2026 11:35
8928ed10-363e-4371-bbc1-649b9d65d7c9,amendments.investments,available,8.24,107.22,medium,low,10,dynadot,,,02/10/2026 13:51
b6fa964c-cfe9-4112-aed0-d7871d801899,snout.investments,available,100.2,100.2,high,low,5,cloudflare,,,30/09/2026 01:54
0b417e5c-d7eb-4d0f-8d0e-6046fcf7f877,cherries.investments,available,6.41,103.7,high,low,8,spaceship,,,01/10/2026 17:14
426aad7d-4400-41e9-bee1-f8f4e6eb0af3,therefor.investments,available,12.99,129.99,medium,low,8,namesilo,,,16/09/2026 08:40
69ebaea8-efa6-4a76-8029-4ecd3c3a8634,foes.investments,available,12.99,129.99,low,low,4,namesilo,,,18/09/2026 06:38
b532e630-9a50-48a7-9930-63307b28e2bb,progression.investments,available,6.41,103.7,high,low,11,spaceship,,,02/10/2026 17:07
2aa164d9-f0da-4076-b435-1cd99e43d102,parkes.investments,available,12.99,129.99,medium,low,6,namesilo,,,29/09/2026 22:23
3604f35f-7b8f-4883-8a18-16e15f7869d7,abdicable.investments,available,6.98,166.98,medium,low,9,namecheap,,,
81aa1c67-5aaa-44fb-9809-2d0a6eb8a33d,alkeran.investments,available,12.99,129.99,medium,low,7,namesilo,,,18/09/2026 08:31
777799c5-a01f-44de-a91e-c2cb33daa519,babbler.investments,available,12.99,129.99,high,low,7,namesilo,,,21/09/2026 12:25
ba8575c0-0ca4-414b-be21-3215384fe4b7,bombard.investments,available,12.99,129.99,medium,low,7,namesilo,,,22/09/2026 07:59
16d739d3-8e83-4831-ba69-467c4f1cf42c,clifton.investments,available,6.98,166.98,medium,low,7,namecheap,,,25/09/2026 19:29
1a6dae2a-2455-4be1-a16c-68009787ed7c,clive.investments,available,12.99,129.99,high,low,5,namesilo,,,22/09/2026 07:05
304ec9a2-4652-4241-a2be-6c805246c107,unrigged.investments,available,6.98,166.98,medium,low,8,namecheap,,,12/09/2026 18:28
d1d4bfbf-50fc-4507-adf6-ca46f39ba189,goddard.investments,available,14.99,221.99,medium,low,7,godaddy,,,30/09/2026 01:46
3bf54798-e825-4c6f-8432-54f0061f1b54,unloading.investments,available,6.41,103.7,medium,low,9,spaceship,,,30/09/2026 11:15
6fd522b3-cdd4-4fd6-8535-e0d3f33c7080,glittering.investments,available,6.98,166.98,high,low,10,namecheap,,,
81b0838a-00fb-45c4-9a74-f07addc04759,deere.investments,available,12.99,129.99,high,low,5,namesilo,,,30/09/2026 01:17
a9f0fe36-5dd1-4f89-ba7a-ebe5d4ba12d0,lesser.investments,available,6.98,166.98,medium,low,6,namecheap,,,23/08/2026 00:24
b938b6fc-7064-4d0f-a1b3-44d29e7fdcb3,wreck.investments,available,12.99,129.99,high,low,5,namesilo,,,27/09/2026 05:55
37240bac-d0fc-49d8-aff7-c3f77ee2cabc,returnable.investments,available,6.98,166.98,high,low,10,namecheap,,,09/09/2026 15:55
25171b88-7c89-42f4-8c5a-940835bc45e7,hackneyed.investments,available,6.98,166.98,medium,low,9,namecheap,,,08/08/2026 10:56
1d85d097-15b1-4b38-beb7-a3f673622e89,electrical.investments,available,6.98,166.98,high,low,10,namecheap,,,16/08/2026 02:39
0e3ffd52-ece2-4712-ad7a-20aed67db736,ghosh.investments,available,12.99,129.99,medium,low,5,namesilo,,,29/09/2026 15:46
d3215225-6930-4580-997c-1ed1e06d76a9,shelters.investments,available,12.99,129.99,medium,low,8,namesilo,,,20/09/2026 23:17
efa9f3d3-953b-4686-9ea0-fd37e37c4f33,munificent.investments,available,6.98,166.98,high,low,10,namecheap,,,22/08/2026 21:09
bc495ebc-1336-41c2-84ee-e6c7e447746d,caffeine.investments,available,12.99,129.99,high,low,8,namesilo,,,24/09/2026 11:38
f8f30875-7615-41f4-b313-b7d0e37a912f,ndp.investments,available,12.99,129.99,high,low,3,namesilo,,,29/09/2026 09:39
533ce71f-7ea0-4ff3-95dc-bfede6906be9,thing.investments,available,6.41,103.7,high,low,5,spaceship,,,28/09/2026 19:13
733ff186-694f-4c95-b8c1-df45866862a1,crafts.investments,available,12.99,129.99,medium,low,6,namesilo,,,19/09/2026 02:50
b9e355ba-39b2-441a-859c-c5eb456a6d8c,catherine.investments,available,12.99,129.99,high,low,9,namesilo,,,25/09/2026 04:07
fae528d2-6345-479e-be6a-ea2464e44bc3,avoided.investments,available,100.2,100.2,low,low,7,cloudflare,,,29/09/2026 05:05
7bc21f8d-9eb2-44b3-b613-413ee4fb13dd,brake.investments,available,14.99,170.99,medium,low,5,name.com,,,24/09/2026 08:06
3f654645-8f47-4758-b680-7f1aa428f96f,obstructed.investments,available,6.98,166.98,medium,low,10,namecheap,,,04/09/2026 00:05
410a065a-e690-46b3-8fd9-f51a7dc3eda0,cargo.investments,available,6.98,166.98,high,low,5,namecheap,,,01/10/2026 12:59
f6be5d84-b0ca-4eef-b8f2-53de252a02bf,recipes.investments,available,6.41,103.7,medium,low,7,spaceship,,,29/09/2026 06:03
7723243c-ad1e-4516-9a35-c8096684be0c,herrera.investments,available,12.99,129.99,medium,low,7,namesilo,,,28/09/2026 04:13
69be39cf-bfcb-42aa-b627-9985240cd8e3,satin.investments,available,12.99,129.99,high,low,5,namesilo,,,30/09/2026 02:46
96e5f8dc-43b7-4772-bea5-aee6ace9c029,kneel.investments,available,100.2,100.2,high,low,5,cloudflare,,,30/09/2026 10:21
d5b5a44a-6e83-4352-b2eb-15cc8ff050f7,kate.investments,available,12.99,129.99,high,low,4,namesilo,,,25/09/2026 12:02
a5785aa5-614f-426a-8639-40908b10be95,lover.investments,available,12.99,129.99,high,low,5,namesilo,,,23/09/2026 10:15
19e8af65-eb84-43af-8f4b-019042046601,orbiter.investments,available,6.98,166.98,high,low,7,namecheap,,,09/09/2026 21:35
6f77986e-ded4-4ac1-80e2-ff87b0d50d5a,depictive.investments,available,6.98,166.98,medium,low,9,namecheap,,,14/08/2026 00:41
edf18399-69d3-48b8-ae31-450f52bba2f6,catalunya.investments,available,12,,medium,low,9,unstoppable,,,03/10/2026 05:16
7ccbbbcc-c899-44c1-af93-34a50d0d58ac,gullible.investments,available,6.98,166.98,medium,low,8,namecheap,,,18/08/2026 07:40
3a89117f-94b1-4ea0-b5c8-e320c830d31a,convenient.investments,available,14.99,170.99,high,low,10,name.com,,,23/09/2026 15:48
d773d762-137a-440b-b030-c33db11d2f18,coaxial.investments,available,6.98,166.98,medium,low,7,namecheap,,,12/08/2026 14:16
9dff5773-7f32-4086-a613-e944dcaa2578,pool.investments,resell,,,high,medium,4,"Spaceship, Inc.",25/09/2026 17:00,25/09/2027 17:00,29/09/2026 11:12
41e42939-564f-40f1-9120-b4457aae3ee1,dayton.investments,available,6.41,103.7,high,low,6,spaceship,,,30/09/2026 01:15
08fb44a5-39c0-419a-8599-8ffda14f6482,predict.investments,resell,,,high,medium,7,"Spaceship, Inc.",04/12/2025 04:54,04/12/2026 04:54,26/09/2026 08:17
f9b179f4-2ca5-423c-a97d-d922fc9c00ff,indulge.investments,available,12.99,129.99,high,low,7,namesilo,,,21/09/2026 13:04
b7970405-9399-4f56-b806-2f711b132296,transeunt.investments,available,6.98,166.98,medium,low,9,namecheap,,,11/09/2026 18:53
1d45536c-7361-4573-a776-40b858c5f254,mechanics.investments,available,12.99,129.99,high,low,9,namesilo,,,01/10/2026 11:01
49d0aacd-d610-4781-bc30-73d0a72b0833,overview.investments,available,100.2,100.2,high,low,8,cloudflare,,,30/09/2026 02:27
00adde20-281c-4a7b-9794-f5e2ee88d45e,anhydrous.investments,available,6.98,166.98,medium,low,9,namecheap,,,
9e3eb39d-73f9-4def-95c8-a95a8d58ea35,carrot.investments,available,100.2,100.2,high,low,6,cloudflare,,,29/09/2026 00:20
582287ba-c2ee-4dda-9b3d-01ccb4667380,pest.investments,available,6.41,103.7,medium,low,4,spaceship,,,28/09/2026 18:26
ac9edb4b-ab5c-4ff6-aed9-6f9fde11d12b,panadol.investments,available,12.99,129.99,high,low,7,namesilo,,,16/09/2026 23:53
d484c85f-2cff-426b-b06a-7a1f0338dcdb,leroy.investments,available,6.98,166.98,medium,low,5,namecheap,,,25/09/2026 15:35
ca45a068-fb6a-4392-aa0b-b8c97fa1e0ee,newbury.investments,available,6.41,103.7,medium,low,7,spaceship,,,28/09/2026 03:59
63ad9841-6651-4bbb-8f4f-7267eea3cbcd,murders.investments,available,6.98,166.98,low,low,7,namecheap,,,25/09/2026 21:34
a845dc7d-c7cc-4066-8519-8f0e528c680f,dumps.investments,available,12.99,129.99,high,low,5,namesilo,,,30/09/2026 09:26
b3aa5d6c-f5d3-4d07-927e-89aef8524e01,napoleon.investments,available,6.41,103.7,medium,low,8,spaceship,,,28/09/2026 13:35
8e904fc5-1e5c-45cc-aaa9-fcda4a41d0fc,decolour.investments,available,12.99,129.99,medium,low,8,namesilo,,,24/09/2026 05:11
b59e24a3-e3c8-454e-8a57-fcfd0364fd6d,apsu.investments,available,12.99,129.99,medium,low,4,namesilo,,,19/09/2026 22:37
ec5a24f5-6462-4024-80fc-a6d1749594e8,epos.investments,available,6.98,166.98,high,low,4,namecheap,,,17/08/2026 10:28
d2fdd0bc-a9cd-4806-b11b-24fcbe870ccf,bellbottom.investments,available,6.98,166.98,low,low,10,namecheap,,,09/08/2026 13:21
c9f29607-3a80-4c98-9654-8f75415be252,overnight.investments,available,6.41,103.7,high,low,9,spaceship,,,02/10/2026 11:11
6d59061b-7c04-40d0-ae64-0aeaa7fde6fc,expertly.investments,available,6.98,166.98,medium,low,8,namecheap,,,14/09/2026 17:05
002d2517-d04f-434a-8441-9c0278ca6528,hazlitt.investments,available,8.24,107.22,high,low,7,dynadot,,,01/10/2026 02:27
799a1430-fa6b-4242-8cb0-de07dfdc77d1,fur.investments,premium,118.8,118.8,high,low,3,namesilo,,,27/09/2026 04:05
37b68c87-3038-44f1-b02f-543b1f5d53eb,distracting.investments,available,100.2,100.2,low,low,11,cloudflare,,,01/10/2026 16:15
d2237348-1afd-4f56-b7f3-51f1bc84f714,hafnium.investments,available,12.99,129.99,medium,low,7,namesilo,,,20/09/2026 23:42
dc6afde0-3743-441c-abd4-00f6538e1cb5,stiles.investments,available,12.99,129.99,medium,low,6,namesilo,,,30/09/2026 13:36
c31e27ff-1f0b-4a53-9138-5a5845d962ca,sugars.investments,available,12.99,129.99,medium,low,6,namesilo,,,18/09/2026 08:14
774b8ed8-d481-4961-ab11-bc2173d53267,alligator.investments,available,6.41,103.7,high,low,9,spaceship,,,28/09/2026 20:35
7381c80d-7e34-4985-b635-a8ab559902e3,arapahoe.investments,available,12.99,129.99,medium,low,8,namesilo,,,20/09/2026 00:11
4cd14545-1d59-41b0-9dfd-2cc752af1fb9,ankus.investments,available,12.99,129.99,medium,low,5,namesilo,,,19/09/2026 09:49
3b3c08bb-c623-462d-b4c2-6d75ed181c2d,labels.investments,available,12.99,129.99,medium,low,6,namesilo,,,18/09/2026 17:28
173a3e2b-d59f-4efb-a3a2-d001bce53781,requires.investments,available,12.99,129.99,medium,low,8,namesilo,,,18/09/2026 15:31
2509d6ba-3844-49fe-ab28-bffd88004082,homage.investments,available,6.41,103.7,high,low,6,spaceship,,,30/09/2026 01:53
3d2a12d2-8f9e-44e0-a10c-bae29053bb92,totaled.investments,available,12.99,129.99,medium,low,7,namesilo,,,28/09/2026 09:24
3e0c2aef-84ff-44d0-b00f-b985942585dc,eyry.investments,available,6.98,166.98,high,low,4,namecheap,,,
310a84c4-bf21-4825-beaf-7454623279aa,hirsute.investments,available,6.98,166.98,medium,low,7,namecheap,,,20/08/2026 22:11
a8b25b63-089f-47f3-a038-39cd3bb2e97e,formed.investments,available,6.98,166.98,high,low,6,namecheap,,,18/08/2026 12:09
70b857ea-5d55-41b2-8353-1b82efcd6edc,nevermore.investments,available,6.98,166.98,medium,low,9,namecheap,,,15/09/2026 16:30
4e275056-629d-4cb6-93a8-caa41d3b7424,archerfish.investments,available,12.99,129.99,medium,low,10,namesilo,,,20/09/2026 01:56
8924f483-0ea0-4601-a7a6-1863d4c1fb2d,sumerian.investments,available,6.98,166.98,high,low,8,namecheap,,,11/09/2026 01:33
5427fd6e-2a88-477c-8e83-2f8cba6c2c18,diachronic.investments,available,6.98,166.98,medium,low,10,namecheap,,,14/08/2026 05:38
ee7ecd15-2443-4265-a1ab-db289f50fa0e,furrowed.investments,available,6.98,166.98,medium,low,8,namecheap,,,18/08/2026 18:55
2d6b2c76-552a-4bce-b0f9-bd5b0c855610,romanians.investments,available,100.2,100.2,medium,low,9,cloudflare,,,30/09/2026 00:08
7914739b-333b-42bc-baa8-c490315fbc2b,adriana.investments,available,6.41,103.7,high,low,7,spaceship,,,30/09/2026 13:18
3f30f2e2-402f-40b7-9b8e-a8da2a936566,requested.investments,available,12.99,129.99,high,low,9,namesilo,,,27/09/2026 12:02
92f3cfdb-7d3a-4cba-b187-e01e541aa2e5,storyteller.investments,available,8.24,107.22,high,low,11,dynadot,,,01/10/2026 22:37
3084f66e-572f-4dff-a3d3-7091cfeb313e,karma.investments,available,8.24,103.5,high,medium,5,porkbun,,,29/09/2026 07:24
cf376c09-5242-4fd7-9562-573858396f7d,twine.investments,available,12.99,129.99,medium,low,5,namesilo,,,30/09/2026 01:53
dd98a7ad-126e-40b6-9659-9902f7f1d739,saliva.investments,available,8.24,107.22,medium,low,6,dynadot,,,29/09/2026 13:54
e1cb1641-c710-43c7-8090-90cac61169c2,quays.investments,available,8.24,107.22,medium,low,5,dynadot,,,02/10/2026 23:22
db45e61a-9bcb-4b17-875f-809f9610265f,apotheosis.investments,available,6.98,166.98,high,low,10,namecheap,,,03/09/2026 20:11
f76cd99b-867e-4e36-92a7-33f0fc351c1d,pda.investments,premium,,,high,low,3,,,,01/10/2026 21:15
c92f10f1-9abc-4315-8dc0-32e5922f3acc,animus.investments,available,12.99,129.99,medium,low,6,namesilo,,,19/09/2026 09:22
ad0b7e39-34f4-497d-bb37-295673d98aab,joyously.investments,available,6.98,166.98,high,low,8,namecheap,,,14/09/2026 21:30
43c57976-e42e-4c82-b78c-14fb8a55e121,otsego.investments,available,6.41,103.7,medium,low,6,spaceship,,,02/10/2026 01:06
9a858302-d6e1-4fcd-b917-e4de38544e7f,nunez.investments,available,6.41,103.7,medium,low,5,spaceship,,,02/10/2026 10:09
b28e46f7-3569-4c66-889d-21b1092d3007,shaikh.investments,available,100.2,100.2,medium,low,6,cloudflare,,,01/10/2026 23:28
58154ed2-3db0-4738-93fa-653b020cf923,seawater.investments,available,12,,high,low,8,unstoppable,,,02/10/2026 04:10
5a413c3f-4cbe-4261-ace1-21f121b03e0d,antalya.investments,available,12.99,129.99,high,low,7,namesilo,,,17/09/2026 06:10
24312d05-0e5a-414d-80d7-424044c8ecff,spur.investments,available,6.98,166.98,high,low,4,namecheap,,,16/09/2026 20:35
245ba7ba-9123-474b-9b7f-0e314009f225,circumference.investments,available,6.41,103.7,medium,low,13,spaceship,,,30/09/2026 03:32
61626f5b-3c50-4ab6-a4e1-e4c1051cba21,pained.investments,available,6.98,166.98,medium,low,6,namecheap,,,04/09/2026 01:26
55c6bd88-56d3-4d81-bd99-c0f8133a13bb,swears.investments,available,6.41,103.7,low,low,6,spaceship,,,02/10/2026 12:52
46494e3e-23b8-48c8-8631-2a3d55749f0c,abenaki.investments,available,6.98,166.98,medium,low,7,namecheap,,,
44a2993f-510f-4904-b3d6-606dbbf7fc42,scholz.investments,available,100.2,100.2,high,low,6,cloudflare,,,01/10/2026 10:30
6178b999-492e-4220-91d6-fe8fd0bf2270,juliette.investments,available,6.41,103.7,medium,low,8,spaceship,,,29/09/2026 15:24
85a4ea58-efa8-4327-b6e4-2c02639d145c,stuttering.investments,available,100.2,100.2,medium,low,10,cloudflare,,,02/10/2026 07:31
980d9f0a-fccd-42e4-93be-8911cf4f78a7,desk.investments,available,6.98,166.98,high,low,4,namecheap,,,08/09/2026 08:30
6d51f2c4-823d-4e2c-b2be-f04107738397,validate.investments,available,12,,high,low,8,unstoppable,,,30/09/2026 11:29
daeb2c6b-69f0-46e2-92d5-a7807faf0d0b,ostracize.investments,available,14.99,170.99,medium,low,9,name.com,,,24/09/2026 01:58
f3cc867a-4ec6-43e4-b348-59d9a126f393,unprotected.investments,available,6.41,103.7,medium,low,11,spaceship,,,30/09/2026 12:02
98325aea-c25c-4c61-b31c-7dd42aa4bbc7,remover.investments,available,8.24,103.5,high,low,7,porkbun,,,30/09/2026 09:47
8680139d-5375-4eaf-9223-0a14476fb49a,conqueror.investments,available,6.98,166.98,high,low,9,namecheap,,,24/09/2026 17:25
afa57636-7318-40fe-8bcb-8346b94e752d,beeswax.investments,available,12.99,129.99,high,low,7,namesilo,,,23/09/2026 01:48
51fc2e40-94b5-4829-9fc9-fcb63d647f55,riots.investments,available,12.99,129.99,low,low,5,namesilo,,,29/09/2026 05:50
6ba8f03b-7783-43a2-902a-78e3ac9f2186,meekly.investments,available,6.98,166.98,medium,low,6,namecheap,,,15/09/2026 01:24
29fa6f68-ee6c-473f-b458-a357b4713605,infinitely.investments,available,6.98,166.98,high,low,10,namecheap,,,14/09/2026 01:14
632c38d1-4656-4072-a72f-5a9bfabb2aab,containment.investments,available,100.2,100.2,high,low,11,cloudflare,,,29/09/2026 10:17
ec3c5c51-4505-41e0-8b67-10765c753668,journeyman.investments,available,6.41,103.7,high,low,10,spaceship,,,28/09/2026 22:18
b2bba2b0-5811-4a97-bdf3-39418c55795a,toulon.investments,available,6.41,103.7,medium,low,6,spaceship,,,28/09/2026 20:41
ea0bf760-793a-44aa-be20-ad519a3e5ae7,purchases.investments,available,6.98,166.98,medium,low,9,namecheap,,,30/09/2026 07:19
3c533703-260e-42a1-8289-3409e339ad1e,philosophical.investments,available,12,,high,low,13,unstoppable,,,29/09/2026 08:37
007d9187-9fcc-4144-a42b-685426b85eab,unhatched.investments,available,6.98,166.98,medium,low,9,namecheap,,,12/09/2026 12:05
9bc71533-e1ea-4d91-b86b-26850df5b4ac,dyslexic.investments,available,6.98,166.98,medium,low,8,namecheap,,,14/08/2026 22:03
c6467b03-db3a-4e0c-87e9-a8663788ec34,snowboarding.investments,available,6.41,103.7,high,low,12,spaceship,,,02/10/2026 01:30
3a8f8a90-18c5-46c7-9f91-14d16d13e431,pinned.investments,available,12,,medium,low,6,unstoppable,,,28/09/2026 05:02
a43ff206-01a1-447d-a7a6-deac95a17a00,arboreal.investments,available,6.98,166.98,high,low,8,namecheap,,,06/08/2026 13:18
b80a65ca-c48a-4205-a9c0-298dbe2b83b7,coffeemakers.investments,available,12.99,129.99,medium,low,12,namesilo,,,21/09/2026 01:27
cd32bd47-c77d-45c4-82c6-3173ad5a8c32,tues.investments,available,100.2,100.2,high,low,4,cloudflare,,,30/09/2026 14:03
52efb73e-4bf0-4bc5-9481-545f86b437f9,transmitters.investments,available,6.41,103.7,medium,low,12,spaceship,,,01/10/2026 18:01
2203772b-bcbc-4fba-bb68-66cd110e7983,jitney.investments,available,12.99,129.99,medium,low,6,namesilo,,,21/09/2026 05:56
f48304d0-a389-4b92-bf3d-e20bf1cfdf06,maury.investments,available,6.98,166.98,medium,low,5,namecheap,,,29/09/2026 03:39
83d9ea72-adfc-4bfc-b325-20f83227c38e,offish.investments,available,6.98,166.98,low,low,6,namecheap,,,04/09/2026 01:35
09d6e13c-f32f-4547-a183-52906edec1b1,everywhere.investments,available,12.99,129.99,high,low,10,namesilo,,,28/09/2026 14:50
9e80b6cf-1b05-4c4f-b655-c3219b541b14,parcels.investments,available,6.41,103.7,medium,low,7,spaceship,,,01/10/2026 18:14
a1aa1e61-ab59-42dd-b987-f1a6e4beac31,kill.investments,available,12.99,129.99,high,low,4,namesilo,,,24/09/2026 11:57
f9f7eb72-4450-4ff5-8398-6db88987a0a4,whistles.investments,available,6.41,103.7,medium,low,8,spaceship,,,30/09/2026 07:27
b0e7d403-346e-4a29-8af4-72558c87b079,overside.investments,available,6.98,166.98,medium,low,8,namecheap,,,15/09/2026 18:29
bb11ca62-dd2f-4765-b20c-df59ef3e192e,panthers.investments,available,14.99,221.99,medium,low,8,godaddy,,,01/10/2026 00:41
a79fc452-254e-4444-944c-49c0608247e0,tipsy.investments,available,6.98,166.98,high,low,5,namecheap,,,11/09/2026 15:38
8d245a17-3242-4ad6-8725-f47ba25fe91c,afterworld.investments,available,12.99,129.99,medium,low,10,namesilo,,,17/09/2026 15:58
7333791b-38d5-4f9f-8554-33bb1910f868,cultured.investments,available,6.98,166.98,high,low,8,namecheap,,,08/09/2026 09:18
64d2208a-d669-41bd-94db-7a0d52beeb8f,improbably.investments,available,6.98,166.98,medium,low,10,namecheap,,,15/09/2026 02:27
9c790cc1-9622-4d0f-996b-d258665705fe,parentage.investments,available,6.98,166.98,medium,low,9,namecheap,,,08/09/2026 13:25
0b0b724e-a708-4148-a9c2-47b23af30832,from.investments,premium,242,242,high,low,4,namesilo,,,08/09/2026 08:57
568cf287-f89c-437f-90b7-f7a700fd1147,sulu.investments,available,100.2,100.2,high,low,4,cloudflare,,,30/09/2026 20:01
187df2ce-a184-4cd0-bbab-86eddfd7168a,fin.investments,premium,242,242,high,low,3,namesilo,,,
aedfe532-fc5d-4aec-9881-5917ac83b869,regulate.investments,available,12.99,129.99,high,low,8,namesilo,,,30/09/2026 11:03
4867cf75-9404-4af4-ad71-615d3ab6fe1c,resignation.investments,available,6.41,103.7,high,low,11,spaceship,,,02/10/2026 16:46
4986f4e7-7932-45da-9c7d-02fc5fbd7b99,buggy.investments,available,12.99,129.99,high,low,5,namesilo,,,22/09/2026 08:13
92fec93d-21eb-486f-ba45-4dffd67c1e1c,answered.investments,available,12.99,129.99,high,low,8,namesilo,,,25/09/2026 16:54
e03926b5-6f21-4c3f-a1ad-3b211503a2ef,roasting.investments,available,12,,high,low,8,unstoppable,,,01/10/2026 21:33
459c613a-fd8e-4118-99ca-62e4614b75f2,potter.investments,available,8.24,107.22,high,low,6,dynadot,,,27/09/2026 12:23
08cb3543-7446-43d4-9048-b73dbfe51529,aigret.investments,available,6.98,166.98,medium,low,6,namecheap,,,17/09/2026 20:56
bb921a58-3978-4aaf-b057-cc2da99098c1,rockport.investments,available,12.99,129.99,high,low,8,namesilo,,,02/10/2026 01:20
c3f8abf6-0143-423d-a1b6-2a3ad4b12f2e,luft.investments,available,8.24,107.22,medium,low,4,dynadot,,,02/10/2026 21:14
3213d64c-ffd6-4143-84a8-33c6122115d5,ponds.investments,available,12.99,129.99,medium,low,5,namesilo,,,18/09/2026 22:37
9c9a595f-e3f2-496c-b553-2756d1f22bf7,chilli.investments,available,6.98,166.98,high,low,6,namecheap,,,12/08/2026 05:33
754f7fe0-bf14-494e-9e44-632c1cca22b9,abort.investments,available,12.99,129.99,high,low,5,namesilo,,,16/09/2026 16:38
63db5a53-cc53-428f-853e-da2cd850dcd0,unseeable.investments,available,6.98,166.98,medium,low,9,namecheap,,,22/08/2026 09:08
1fb88657-21c6-4c16-a97f-2dcc9111fa39,snarl.investments,available,6.98,166.98,medium,low,5,namecheap,,,24/08/2026 16:56
047fe371-e145-416f-9cf6-1d8590f28da4,unequaled.investments,available,6.98,166.98,high,low,9,namecheap,,,12/09/2026 09:09
5e08bce3-09ec-49f2-bb30-f407c79960e5,squanderer.investments,available,6.98,166.98,medium,low,10,namecheap,,,09/09/2026 02:39
c215a7ed-838e-423e-965f-c73a507d7b2c,metal.investments,premium,520,520,high,low,5,namecheap,,,25/09/2026 19:55
a540c198-b131-4801-b745-4d1cbfd2c59b,mellowly.investments,available,6.98,166.98,medium,low,8,namecheap,,,24/08/2026 19:31
f48bafe7-1564-49dc-95c9-34f7bab400b9,netherland.investments,available,12,,medium,low,10,unstoppable,,,30/09/2026 05:30
887ae03c-1b17-481e-8c96-9acfa696bf8f,bustle.investments,available,12.99,129.99,high,low,6,namesilo,,,17/09/2026 09:10
03df6fd9-5802-45b7-a223-3fca53bdbe11,beauvais.investments,available,6.41,103.7,medium,low,8,spaceship,,,02/10/2026 19:01
d3cbb980-aa7b-41c1-a72d-397596da310b,prefectures.investments,available,12.99,129.99,medium,low,11,namesilo,,,30/09/2026 16:16
4dba9b9b-d818-40df-bfcd-e3ce30c513d7,moo.investments,available,6.98,166.98,high,low,3,namecheap,,,24/08/2026 10:19
3877b056-45fb-4fce-ac90-5580287ca9a6,bioweapon.investments,available,12.99,129.99,medium,low,9,namesilo,,,23/09/2026 17:40
b64c4060-6892-411d-8f68-a6d0fddcaf56,adjustor.investments,available,12.99,129.99,high,low,8,namesilo,,,17/09/2026 08:34
95359e56-17e3-4da6-b34e-a6f6ce271a79,notts.investments,available,6.41,103.7,medium,low,5,spaceship,,,02/10/2026 19:32
9b4155f9-0b07-4ef3-9aa3-f1b0251ad253,averaging.investments,available,100.2,100.2,high,low,9,cloudflare,,,03/10/2026 03:36
faa4f391-f275-4c91-9b4d-7b47d1143cbf,elbow.investments,available,12.99,129.99,high,low,5,namesilo,,,20/09/2026 11:23
8c65c5a5-9fcd-4400-b0dd-cf2d7dfa8fb0,mogadishu.investments,available,12.99,129.99,medium,low,9,namesilo,,,24/09/2026 12:23
316f3bf7-d547-42df-a99e-26a58a9e00ae,holographic.investments,available,12.99,129.99,high,low,11,namesilo,,,02/10/2026 07:25
09a81eb3-bd1c-4751-af01-c84345ef6536,beehive.investments,available,12.99,129.99,high,low,7,namesilo,,,23/09/2026 01:16
1d68c588-29c0-4151-a6da-333051f586a2,amenra.investments,available,6.98,166.98,medium,low,7,namecheap,,,18/09/2026 18:32
d741960c-8fa4-40d1-aa19-b519b2880343,posts.investments,available,12.99,129.99,medium,low,5,namesilo,,,19/09/2026 00:49
96a66ee1-6a8b-4afa-8bbb-e24039d990d4,spiritually.investments,available,12.99,129.99,high,low,11,namesilo,,,30/09/2026 12:12
542bbc2a-6438-4678-ad36-20d36e8d731b,something.investments,available,6.41,103.7,high,low,9,spaceship,,,01/10/2026 00:22
3044d7cf-f158-40ff-a176-89dd97abe0c0,penultima.investments,available,6.98,166.98,medium,low,9,namecheap,,,08/09/2026 15:14
a031ec08-9a4d-4a97-8498-e2df9dcb3bb2,plugging.investments,available,6.41,103.7,high,low,8,spaceship,,,02/10/2026 18:31
632ac765-6e78-44bd-915b-c00aaca08860,tangled.investments,available,6.98,166.98,medium,low,7,namecheap,,,11/09/2026 07:59
c45f6b5a-7b37-489d-835e-120d560ef748,appointments.investments,available,6.41,103.7,medium,low,12,spaceship,,,28/09/2026 17:59
ec24a546-8aa0-48a9-b593-1a6b2a81b68c,sectorial.investments,available,6.98,166.98,medium,low,9,namecheap,,,10/09/2026 01:22
88f74699-51ca-46ea-a258-f7d8d1bc6776,minimized.investments,available,6.98,166.98,medium,low,9,namecheap,,,24/08/2026 23:53
157dd57e-d576-481c-b9fd-0bcdefd10b5c,exaggerate.investments,available,6.41,103.7,high,low,10,spaceship,,,30/09/2026 19:19
730bb5b9-1a17-4a54-8dd2-78a5e4b0b8a6,sweater.investments,available,12.99,129.99,high,low,7,namesilo,,,28/09/2026 06:35
71e3c1fe-ea61-4af6-82a2-a20b9c992a92,alcides.investments,available,12.99,129.99,medium,low,7,namesilo,,,18/09/2026 04:05
2e0980b4-b8e6-4e4c-8de6-e0ce3de77d4f,langdon.investments,available,12,,medium,low,7,unstoppable,,,28/09/2026 16:35
86a58f39-389c-4eb5-aed2-9b09e4959085,mesoamerica.investments,available,100.2,100.2,medium,low,11,cloudflare,,,01/10/2026 08:35
23cb2c1d-42f8-4558-8fa5-9ccb94e44597,critique.investments,available,12.99,129.99,high,low,8,namesilo,,,29/09/2026 12:05
ef3e962c-1d29-422f-bac6-c31daf49e53a,acarina.investments,available,6.98,166.98,medium,low,7,namecheap,,,16/09/2026 21:31
3e220886-b6aa-44e3-8d2e-fae900c4b619,kid.investments,premium,242,242,high,low,3,namesilo,,,25/09/2026 12:09
5215cfcb-2562-4409-aacd-826068d333a2,yogic.investments,available,6.98,166.98,medium,low,5,namecheap,,,13/09/2026 14:41
06ac2d0c-0e42-4525-a1f7-77c865e1c92a,riveting.investments,available,6.98,166.98,high,low,8,namecheap,,,21/09/2026 15:09
898142c4-e001-4e38-b91f-55b65c577ef0,defiantly.investments,available,6.98,166.98,medium,low,9,namecheap,,,14/09/2026 08:33
1d788c99-8abe-4d12-ab1d-f1c1924a825f,prize.investments,available,6.98,166.98,high,low,5,namecheap,,,12/08/2026 06:35
7cbfd14e-80e4-4469-b741-9d2d1d7eff94,ivo.investments,available,12.99,129.99,high,low,3,namesilo,,,30/09/2026 04:54
8f1184be-d491-47b1-82d3-3bde263bc18d,resolve.investments,available,14.99,221.99,high,low,7,godaddy,,,28/09/2026 01:54
e257d166-7963-4666-ad60-fbe9b9d565ff,pearl.investments,available,6.98,166.98,high,low,5,namecheap,,,04/09/2026 01:21
bc515902-13a6-4413-9dac-43d0e92776ca,desks.investments,available,6.41,103.7,medium,low,5,spaceship,,,02/10/2026 14:00
5cdc7413-9a23-460e-9ae3-b2f437c5f2f0,biform.investments,available,6.98,166.98,medium,low,6,namecheap,,,09/08/2026 20:07
8d98bedf-7544-445b-a6c7-6eba01b397d9,aided.investments,available,12.99,129.99,high,low,5,namesilo,,,19/09/2026 12:43
6506ca50-50fb-447b-a660-6e6656275e73,friend.investments,available,6.98,166.98,high,low,6,namecheap,,,28/09/2026 18:47
3eafe920-4a9a-4e6e-abc5-9472de040512,cryonic.investments,available,6.98,166.98,medium,low,7,namecheap,,,13/08/2026 09:37
17a04e7f-6590-433f-867a-6060a05fe731,aliquot.investments,available,6.98,166.98,medium,low,7,namecheap,,,
0cc39c05-ee43-44bd-ae47-39435572215a,clr.investments,available,100.2,100.2,high,low,3,cloudflare,,,02/10/2026 18:47
8fe39b12-66eb-4c86-ae57-9fa1749e5bb0,favored.investments,available,6.98,166.98,high,low,7,namecheap,,,22/09/2026 20:01
9bec58bb-4a0f-484b-b655-f8db6685a240,clorox.investments,available,12.99,129.99,high,low,6,namesilo,,,24/09/2026 15:53
6b88dcab-6f64-4a03-8878-ea9b451da9a8,derby.investments,available,12.99,129.99,high,low,5,namesilo,,,29/09/2026 06:08
a2f03e62-9204-4c6b-bb69-f19cd26b0231,antennae.investments,available,6.98,166.98,medium,low,8,namecheap,,,02/10/2026 21:36
9de4915e-26cb-4ea9-a024-3eafe1d87865,photograph.investments,available,12.99,129.99,high,low,10,namesilo,,,26/09/2026 00:03
90bcb6c3-c56d-4747-8c66-285e386e4c44,sail.investments,resell,,,high,low,4,Dynadot Inc,10/05/2026 17:00,10/05/2027 17:00,29/09/2026 12:14
1899f0e4-2493-40f5-b5eb-28fad548c47f,nang.investments,available,100.2,100.2,high,low,4,cloudflare,,,30/09/2026 19:24
546912e4-ee28-4757-b3f4-01957e3ff6a0,tamable.investments,available,6.98,166.98,medium,low,7,namecheap,,,11/09/2026 07:36
a8c7a34e-0468-4e74-83de-0adfb0eda850,profuse.investments,available,6.98,166.98,high,low,7,namecheap,,,24/08/2026 11:47
44c3f4e8-3d80-4025-9375-af2d29a5820a,alerted.investments,available,12.99,129.99,high,low,7,namesilo,,,30/09/2026 04:16
40fbc9ac-1a0a-4099-bdc6-edeb7ce80d55,tend.investments,available,12.99,129.99,high,low,4,namesilo,,,29/09/2026 23:54
e80d7cdb-c61f-476f-b941-80c3d3834440,symons.investments,available,12.99,129.99,medium,low,6,namesilo,,,20/09/2026 11:07
ae9c1a5b-29c5-4b80-9592-1f7240da3d3b,xlii.investments,available,6.98,166.98,medium,low,4,namecheap,,,
79d065ad-f72e-4856-ab90-0b8c33e0fe30,rightly.investments,available,6.98,166.98,high,low,7,namecheap,,,15/09/2026 10:16
a80fee4b-f4d4-44ac-a538-64409aec738f,faction.investments,available,12,,high,low,7,unstoppable,,,30/09/2026 08:52
98515832-45d6-4d48-90ca-8491fcc2897c,engraved.investments,available,6.98,166.98,high,low,8,namecheap,,,17/08/2026 07:40
2cfcbfe0-8822-4d28-9bd0-c0897cee41e8,arum.investments,available,6.98,166.98,medium,low,4,namecheap,,,06/08/2026 20:20
cb8df0c9-d5e1-4aef-a70e-3014a9c9e686,paneled.investments,available,6.98,166.98,medium,low,7,namecheap,,,05/09/2026 00:50
14071358-ce9c-4505-9bac-15da05965b1d,pupil.investments,available,8.24,107.22,high,low,5,dynadot,,,28/09/2026 09:33
6c8e5434-3d24-4f3d-9070-a919526926d4,croat.investments,available,6.98,166.98,medium,low,5,namecheap,,,13/08/2026 07:34
7bbe6ee4-7b15-4181-8142-3f25ae8ab78e,temples.investments,available,6.41,103.7,medium,low,7,spaceship,,,29/09/2026 15:51
1a54d729-5a43-4529-b002-171a1ead1aaf,axiomatic.investments,available,6.98,166.98,medium,low,9,namecheap,,,05/08/2026 23:27
94cd2a98-a919-4034-bbf1-54de0ed15537,vacuum.investments,available,12,,high,low,6,unstoppable,,,29/09/2026 23:00
5e37af27-1894-4042-a399-2ff0e49ada17,storylines.investments,available,14.99,221.99,medium,low,10,godaddy,,,01/10/2026 00:32
43309c91-9b03-49a7-b053-502d153d6a8f,negligent.investments,available,6.98,166.98,medium,low,9,namecheap,,,03/09/2026 15:07
5c5e08ae-253b-462f-bd4d-c68303cbdf09,shedding.investments,available,12.99,129.99,high,low,8,namesilo,,,01/10/2026 01:44
4461fde9-9933-4ec9-8310-8282d14cd936,uri.investments,available,6.98,166.98,high,low,3,namecheap,,,28/09/2026 21:32
e483d9e8-9290-4a3b-bb8b-67ffd67b41f1,nascent.investments,available,6.98,166.98,medium,low,7,namecheap,,,03/09/2026 13:35
d6306b55-e34b-435d-b25e-ab5509e71cb3,endangered.investments,available,6.98,166.98,high,low,10,namecheap,,,17/08/2026 00:51
ea1a7f84-890c-451d-8e1a-2c62e9c29755,internationally.investments,available,14.99,,medium,low,15,name.com,,,
cea7b161-2009-4d08-8a65-cf8659e29221,gulf.investments,premium,242,242,high,low,4,namesilo,,,29/09/2026 15:29
030380f7-fab5-4b18-8efc-00d79df5c33c,crash.investments,available,100.2,100.2,high,low,5,cloudflare,,,29/09/2026 09:51
fc32001c-1889-49f1-a542-14e48b554a4b,pepsi.investments,available,6.41,103.7,high,low,5,spaceship,,,30/09/2026 06:38
89857c72-8f61-4690-90a9-01a7a9aeed9c,graphic.investments,available,8.24,103.5,high,low,7,porkbun,,,01/10/2026 15:47
678ad285-bdb9-4986-aa2b-d016d164f6b1,launceston.investments,available,12,,medium,low,10,unstoppable,,,02/10/2026 20:38
468bf288-dc8d-440a-816c-d78d46caf3f5,billyo.investments,available,14.99,170.99,medium,low,6,name.com,,,18/09/2026 09:10
4b9e4d88-e61b-4568-b6e4-e0ac522c719b,brumal.investments,available,6.98,166.98,medium,low,6,namecheap,,,11/08/2026 06:36
d015ddb4-2028-4b82-a1a9-7829ba336e84,gow.investments,available,6.41,103.7,medium,low,3,spaceship,,,02/10/2026 18:51
d2f007b6-14fd-4f29-b79c-30d6fe2f65af,fragments.investments,available,12,,low,low,9,unstoppable,,,29/09/2026 05:00
1a94080e-7b93-4895-9745-8ae99e92b796,impudent.investments,available,6.98,166.98,medium,low,8,namecheap,,,18/08/2026 08:23
164a1267-b4ca-43b6-80c3-7c6ff43ed733,intervene.investments,available,12,,high,low,9,unstoppable,,,29/09/2026 08:23
944d2c88-3c35-40c9-88de-5e0e3d40c4cf,qualify.investments,available,6.98,166.98,high,low,7,namecheap,,,28/09/2026 06:57
90585fa3-dcf1-4fae-8b3f-15a86b055b5d,brainwaves.investments,available,6.98,166.98,medium,low,10,namecheap,,,20/09/2026 12:58
04fa7b90-71d5-478b-81ff-5b2663249da9,acrodont.investments,available,6.98,166.98,medium,low,8,namecheap,,,17/09/2026 03:41
c8f35e27-20d1-4a01-9c2e-b15a0b2f6078,asclepius.investments,available,12.99,129.99,medium,low,9,namesilo,,,17/09/2026 13:21
ad53202a-4c19-4599-86c8-31758f66f869,gimp.investments,available,6.98,166.98,medium,low,4,namecheap,,,23/08/2026 13:28
399cf5ba-d006-4f91-8e81-7b75b7288c4e,slighting.investments,available,6.98,166.98,medium,low,9,namecheap,,,09/08/2026 13:15
6a5e15e2-96ed-4bed-92db-02133f35b256,cretin.investments,available,6.98,166.98,medium,low,6,namecheap,,,21/08/2026 20:26
e6b9ceb5-538d-4776-99fd-def3732cab22,drill.investments,available,12.99,129.99,high,low,5,namesilo,,,25/09/2026 00:07
12f9ecd2-7248-4f65-b979-bb5722388a29,gist.investments,available,6.98,166.98,high,low,4,namecheap,,,14/09/2026 23:42
dd82001f-f65a-4d73-9201-923005c020d9,continually.investments,available,12.99,129.99,medium,low,11,namesilo,,,01/10/2026 13:36
7984c877-ed5a-4347-91ef-41756451ffd9,magistrate.investments,available,6.98,166.98,high,low,10,namecheap,,,01/10/2026 02:56
fbb785ca-3d18-4b5d-92a0-c9d5f553a3ff,emg.investments,available,12,,high,low,3,unstoppable,,,02/10/2026 04:42
ddcc6379-e8e9-4c59-9043-48c460b3977d,bursts.investments,available,6.41,103.7,low,low,6,spaceship,,,30/09/2026 14:44
c6a6e795-ef19-45a5-a4ea-7299a56be4ef,appetizing.investments,available,6.98,166.98,high,low,10,namecheap,,,06/08/2026 06:45
2c17e234-73f6-43b0-86bf-4f1d93a5edbe,anson.investments,available,8.24,107.22,medium,low,5,dynadot,,,28/09/2026 07:57
16ae643e-2c36-47b3-90e4-d3b57d9fe242,cycles.investments,available,12.99,129.99,medium,low,6,namesilo,,,20/09/2026 09:25
01fb8a0e-f2c8-4a42-829c-f81b63164b3d,sublime.investments,available,6.98,166.98,high,low,7,namecheap,,,17/08/2026 15:39
bb76749c-686b-4124-8524-8aace0b662e8,bardic.investments,available,6.98,166.98,medium,low,6,namecheap,,,08/08/2026 18:00
faf9149c-e230-40b4-8d8b-c4172fafbdf0,oyo.investments,available,100.2,100.2,high,low,3,cloudflare,,,03/10/2026 04:24
6fe0db21-0791-4ec4-bf93-4bc714ecceea,moroccan.investments,premium,242,242,high,low,8,namesilo,,,24/08/2026 16:17
137d9c54-baad-4381-b4b7-08a446ef3747,fulgid.investments,available,6.98,166.98,medium,low,6,namecheap,,,
b3e262d8-abc0-4394-92e4-9b52cdbd8064,arak.investments,available,12.99,129.99,medium,low,4,namesilo,,,19/09/2026 23:47
d6c04d72-168e-44e1-82bf-c053e8c31f4a,florid.investments,available,6.98,166.98,medium,low,6,namecheap,,,07/08/2026 17:26
88dc5b14-850a-4241-b1b3-858ab141396b,santiago.investments,available,12.99,129.99,high,low,8,namesilo,,,28/09/2026 13:37
cc934aa5-f681-4e48-bd4d-fe2c8e99d546,precedes.investments,available,12.99,129.99,medium,low,8,namesilo,,,02/10/2026 22:47
71159095-b82a-475b-b14d-c25fe06038b8,analytically.investments,available,12.99,129.99,medium,low,12,namesilo,,,01/10/2026 04:36
669ac1ef-20b4-46e0-8d03-9f29c21f37ad,maintains.investments,available,6.41,103.7,high,low,9,spaceship,,,30/09/2026 07:23
333bbf59-3281-428d-bcfd-e05810623261,orchestra.investments,available,6.41,103.7,high,low,9,spaceship,,,30/09/2026 06:11
38a5ccef-b1c0-4a2b-9ee0-60d4ea9648ba,esl.investments,available,12.99,129.99,high,low,3,namesilo,,,29/09/2026 23:53
08dd6f3c-25e6-4101-9b31-1c08e17dce20,bishop.investments,available,12.99,129.99,high,low,6,namesilo,,,23/09/2026 21:47
9b4fd3cc-111d-48ef-a227-86e263dde06f,marshal.investments,available,12,,high,low,7,unstoppable,,,28/09/2026 19:50
de6c500a-a0cb-4d07-8402-91bc97655542,encampment.investments,available,6.98,166.98,medium,low,10,namecheap,,,08/09/2026 09:14
e2272b87-0a54-43f8-8a6f-1092144083ab,global.investments,resell,,,high,medium,6,"Spaceship, Inc.",17/08/2014 16:11,17/08/2027 16:11,26/09/2026 06:24
b2d12d9e-40a7-4857-bfbc-977f909170b2,ephemeron.investments,available,6.98,166.98,medium,low,9,namecheap,,,17/08/2026 10:22
a9e4c00d-44d8-4e8b-ac76-b3e54553b915,nucleonics.investments,available,12.99,129.99,medium,low,10,namesilo,,,21/09/2026 00:14
fe0bb693-797b-45f5-b52e-7987cfed3823,cleanup.investments,available,12,166.98,medium,low,7,unstoppable,,,02/10/2026 21:28
5b56cb85-4f12-4f51-9a20-669aad6bbb5d,unbound.investments,available,6.98,166.98,high,low,7,namecheap,,,12/09/2026 02:25
10a5b81a-07b3-45d6-8ff1-4972f296fd84,doxepin.investments,available,12.99,129.99,medium,low,7,namesilo,,,17/09/2026 06:25
75b72521-4e7a-42b1-aca3-5e1b30b31f70,vinnie.investments,available,6.41,103.7,medium,low,6,spaceship,,,30/09/2026 21:20
c9551c3c-d779-4b9a-a701-88f8442b274f,death.investments,available,12.99,129.99,high,low,5,namesilo,,,24/09/2026 12:39
dc34b395-211c-42de-ba8f-7a6d3aa74288,antecedent.investments,available,6.98,166.98,high,low,10,namecheap,,,
6a9ed397-d0e6-49a7-a6b2-c2e3372f6429,sludge.investments,available,100.2,100.2,high,low,6,cloudflare,,,01/10/2026 02:19
74fc4c95-be92-498d-bdb3-b154310beb3a,sensual.investments,available,12.99,129.99,high,low,7,namesilo,,,22/09/2026 04:34
453b3395-95b5-456d-9cfe-e7cc142a0417,pekan.investments,available,12.99,129.99,medium,low,5,namesilo,,,24/09/2026 00:25
de948edb-4972-44f6-bce4-abf5b5490160,antoninus.investments,available,12.99,129.99,medium,low,9,namesilo,,,19/09/2026 15:34
9c0536e7-20ec-4922-b39a-dab985f3edd3,hatchet.investments,available,6.41,103.7,high,low,7,spaceship,,,30/09/2026 09:59
b9e05f6d-bbb0-4705-9053-17624e5be048,dirt.investments,available,12.99,129.99,high,low,4,namesilo,,,24/09/2026 10:53
21cf8400-ce0c-4dc0-8f22-a2e7e6cad0b3,beany.investments,available,6.98,166.98,medium,low,5,namecheap,,,22/09/2026 20:33
aa3de737-d503-445d-9728-e98837bc1602,mislaid.investments,available,6.98,166.98,medium,low,7,namecheap,,,25/08/2026 01:30
20347170-43bc-4d8e-be9b-55e00fcd44c3,hilarious.investments,available,6.98,166.98,high,low,9,namecheap,,,21/08/2026 09:21
dd74dc82-6e56-45fc-9883-cfc1a774a421,mirish.investments,available,12.99,129.99,medium,low,6,namesilo,,,16/09/2026 16:36
a41e6d26-0dcf-44e2-97f6-696da14f4b98,disrupting.investments,available,100.2,100.2,medium,low,10,cloudflare,,,01/10/2026 23:05
6ac7c074-425b-4010-b251-9821fd2bfac5,offhand.investments,available,6.98,166.98,medium,low,7,namecheap,,,
462db75e-41f6-49ed-8d24-e3d0223661d3,disapprove.investments,available,12.99,129.99,medium,low,10,namesilo,,,02/10/2026 06:43
b9be2385-dcc9-48a9-b32d-27bb19529313,bosh.investments,available,12.99,129.99,medium,low,4,namesilo,,,21/09/2026 23:47
8de6c589-2815-4f39-ad52-04c747c9a27f,nimiety.investments,available,6.98,166.98,medium,low,7,namecheap,,,17/08/2026 16:13
2b3f6288-28dd-47ee-ac8e-f3ba239fed33,ocellated.investments,available,6.98,166.98,medium,low,9,namecheap,,,04/09/2026 00:29
15306ae2-a7b4-435a-930e-356d2e77007a,dissolute.investments,available,14.99,170.99,medium,low,9,name.com,,,13/08/2026 20:19
79146f9d-32a7-4d2d-881b-6d6a4c02c019,textured.investments,available,6.98,166.98,medium,low,8,namecheap,,,12/08/2026 14:07
c832272d-aac0-4d85-afba-15e86bd4e8fa,bud.investments,resell,,,high,low,3,"NameCheap, Inc.",02/05/2019 19:30,02/05/2027 19:30,29/09/2026 04:58
2b38d2dc-41dd-4d7d-9569-01130bc1eaa2,belvoir.investments,available,12.99,129.99,medium,low,7,namesilo,,,01/10/2026 23:55
5422c14c-faa5-413e-8008-755e2cbdd20d,dextral.investments,available,6.98,166.98,medium,low,7,namecheap,,,14/08/2026 05:28
a746eb23-0ffd-48fd-be98-ca4bbe835e0b,indigestion.investments,available,6.41,103.7,medium,low,11,spaceship,,,02/10/2026 02:34
b92d1b06-1234-44e8-a65c-91e232ccf93e,chicken.investments,available,12.99,129.99,high,low,7,namesilo,,,23/09/2026 14:11
42f1825f-e02a-4859-bd3f-c094ecda84dc,chthonian.investments,available,6.98,166.98,medium,low,9,namecheap,,,12/08/2026 07:26
a83e52f7-0fae-4f70-99a2-5d4e295632ff,blackseed.investments,available,12.99,129.99,medium,low,9,namesilo,,,24/09/2026 03:00
771b6d0e-8618-4add-9eae-e7b91e3c4823,both.investments,available,100.2,100.2,high,low,4,cloudflare,,,30/09/2026 22:10
e8b32a96-ed45-49ca-aa3d-f9656f04e1fc,renton.investments,available,6.98,166.98,high,low,6,namecheap,,,01/10/2026 11:20
d49d9099-16f2-4709-bde7-3e6963aa63f1,anseres.investments,available,6.98,166.98,medium,low,7,namecheap,,,19/09/2026 12:08
a428f3e0-0fec-40ce-b2d1-284e1268c173,trenchant.investments,available,6.98,166.98,medium,low,9,namecheap,,,12/08/2026 10:33
7fd5054d-47f0-4f5d-9c44-92be8f0a935c,shagged.investments,available,6.98,166.98,medium,low,7,namecheap,,,10/09/2026 05:30
2ddca6e7-9764-478d-aa82-495a9fb2d39d,satisfaction.investments,available,12.99,129.99,high,low,12,namesilo,,,28/09/2026 04:23
928ac947-a662-4c56-a0fb-5b8f37f9e642,forum.investments,resell,,,high,medium,5,,,,29/09/2026 19:59
02442c8c-164d-49b0-a6f9-0fc87c2e940b,lina.investments,available,100.2,100.2,high,low,4,cloudflare,,,01/10/2026 08:57
a71c6a8e-5e20-4448-921b-29b1cfe4937a,navigable.investments,available,6.98,166.98,medium,low,9,namecheap,,,03/09/2026 14:13
99610fe9-4525-478f-9eba-f5caa14b217f,ducal.investments,available,6.98,166.98,medium,low,5,namecheap,,,14/08/2026 20:44
9562842b-93c1-4a94-9a51-c00bd57d0279,tackling.investments,available,12.99,129.99,high,low,8,namesilo,,,03/10/2026 03:33
80414f23-1683-4961-91e9-b7bf465851c8,absurdity.investments,available,12.99,129.99,medium,low,9,namesilo,,,16/09/2026 18:39
c6a99aff-aefd-4d54-8bd9-3cec9a402a30,benignly.investments,available,6.98,166.98,medium,low,8,namecheap,,,13/09/2026 23:51
ceeadd01-d810-41b5-87d4-355f405d14d4,eighteenth.investments,available,6.98,166.98,high,low,10,namecheap,,,
042974f7-688c-433b-9641-283f5d9758a4,stoned.investments,available,6.98,166.98,medium,low,6,namecheap,,,10/09/2026 21:10
dd365618-5396-404b-bb06-3bd8591624cf,fargo.investments,available,12.99,129.99,high,low,5,namesilo,,,25/09/2026 22:42
230adc31-d3f5-4bf0-9e9a-5fd1b12cb09e,legalize.investments,available,6.98,166.98,high,low,8,namecheap,,,22/08/2026 23:05
ac8fe76e-3b07-4b80-99e0-6ea9b746f197,curved.investments,available,6.98,166.98,high,low,6,namecheap,,,13/08/2026 11:47
7c529992-1a80-4a0d-a0ee-400e526517fb,pornography.investments,available,12.99,129.99,medium,low,11,namesilo,,,28/09/2026 12:37
5275cf16-114e-4131-8ed6-749a762108c3,cerise.investments,available,6.98,166.98,medium,low,6,namecheap,,,10/08/2026 15:04
39427974-43f9-4a22-9032-1cc2ea8bf699,aspirer.investments,available,6.98,166.98,medium,low,7,namecheap,,,07/08/2026 05:12
c6f77247-c77e-4b82-943a-2938ecb935bc,insecurity.investments,available,12.99,129.99,medium,low,10,namesilo,,,30/09/2026 01:58
e0ceec59-878f-4777-a81e-c00dee0c45e3,uncivil.investments,available,6.98,166.98,medium,low,7,namecheap,,,12/09/2026 05:12
28c2e29d-709e-402b-9d89-b983e74eb3d3,boyce.investments,available,12.99,129.99,medium,low,5,namesilo,,,28/09/2026 11:42
fcb84f82-8c64-4fd3-80f2-d75b58b24593,youthful.investments,available,6.98,166.98,high,low,8,namecheap,,,13/09/2026 04:18
f5f2ae34-6049-425a-838c-6b0696e6990a,diaries.investments,available,12.99,129.99,medium,low,7,namesilo,,,30/09/2026 16:07
555a564d-be45-454f-b57f-f53beaf3fa50,dancing.investments,available,12.99,129.99,high,low,7,namesilo,,,25/09/2026 04:44
951eb6ee-b668-494d-b694-acb8571f9088,firearms.investments,available,12,,medium,low,8,unstoppable,,,28/09/2026 22:59
213f735f-64a3-4481-a557-67ce618cdb95,venetian.investments,available,6.98,166.98,high,low,8,namecheap,,,13/09/2026 02:02
3b863996-9a2c-4909-bd8c-622266b92886,beneficial.investments,available,6.98,166.98,high,low,10,namecheap,,,09/08/2026 14:24
e302f8c3-37f1-4ad7-bad5-2991d0292ba3,pulled.investments,available,14.99,,high,low,6,name.com,,,
07511c99-3c2d-416c-b024-58311acfacd0,uneasy.investments,available,6.98,166.98,medium,low,6,namecheap,,,21/08/2026 19:45
85658b2d-828d-4baa-8f10-3ccee656fee2,alsatian.investments,available,6.98,166.98,medium,low,8,namecheap,,,
aa9498dc-bc3b-41cf-be49-5f416d4db5e7,viscous.investments,available,6.98,166.98,high,low,7,namecheap,,,20/08/2026 15:25
5eff4b5b-b9f0-42ec-80aa-3de9220ad30f,dependent.investments,available,6.98,166.98,high,low,9,namecheap,,,14/08/2026 02:06
07842120-1593-4e09-9262-b68ce7621069,postoffice.investments,available,100.2,100.2,high,low,11,cloudflare,,,03/10/2026 01:18
d100c844-195f-448e-b42e-f579543ccda2,luciano.investments,available,6.41,103.7,medium,low,7,spaceship,,,29/09/2026 05:56
ac491d64-1ec5-409b-a417-2a90341b5120,sorry.investments,available,12.99,129.99,high,low,5,namesilo,,,27/09/2026 06:31
dafd1f55-483a-433c-828b-dff4e4851a90,futuristic.investments,available,6.98,166.98,high,low,10,namecheap,,,18/08/2026 19:17
7e045b57-823a-4258-a9ff-16ea48276fcd,egocentric.investments,available,6.98,166.98,medium,low,10,namecheap,,,15/08/2026 19:41
55cd53b1-88f9-4631-912f-327b68c71013,aguacate.investments,available,6.98,166.98,medium,low,8,namecheap,,,07/08/2026 23:46
8f3fc5d1-cd38-4797-bed8-5d6d9ee86494,walden.investments,available,12.99,129.99,medium,low,6,namesilo,,,27/09/2026 08:12
c6b0defc-430f-49e4-bb57-c6e90b050ad4,excluding.investments,available,12,,medium,low,9,unstoppable,,,30/09/2026 03:59
0d11ff7c-4444-41b2-be5a-190ffcee121d,amnionic.investments,available,6.98,166.98,medium,low,8,namecheap,,,
14959ec9-26d3-4bc9-8ae1-086c979eee13,seized.investments,available,14.99,,medium,low,6,name.com,,,
e98ae340-3135-4112-8968-33e82de16433,attempted.investments,available,6.98,166.98,medium,low,9,namecheap,,,07/08/2026 15:12
ccc858ef-5584-4735-82f3-573c2b59a7b7,statuesque.investments,available,6.98,166.98,medium,low,10,namecheap,,,22/08/2026 14:32
0ee7ce05-965c-4dc4-8ba2-2c5f144eedda,ferrara.investments,available,12.99,129.99,high,low,7,namesilo,,,03/10/2026 00:43
0e11d29c-5a93-4af4-92c6-41e9969013da,liturgical.investments,available,6.98,166.98,medium,low,10,namecheap,,,24/08/2026 07:40
fc86f3bd-0496-4b65-9f8e-e432425110a7,downmarket.investments,available,6.98,166.98,high,low,10,namecheap,,,14/08/2026 17:48
3a5a54a0-aa5c-405a-9913-cedd1225177d,stowe.investments,available,100.2,100.2,medium,low,5,cloudflare,,,28/09/2026 14:23
f92f41f7-5eeb-4599-85ce-11a344576fa9,trailers.investments,available,6.98,166.98,medium,low,8,namecheap,,,19/09/2026 01:06
030d2fd0-692c-47e9-b30a-160fdd94376e,bounds.investments,available,12.99,129.99,medium,low,6,namesilo,,,29/09/2026 00:15